Name,Label,Comment,NonImportant,portion,service,environment,price,food_quality
小時鮮果茶飲/現切水果現打果汁,健康餐,第一次去的時候點了葡萄系列。因為太驚艷了所以回程準備搭火車前又特地回購😆第二次多買了西瓜汁，也很好喝！非常推薦果汁系列👍 …,0,0,0,0,0,0
大碗公冰·甜品 (嘉義興業店),甜點,這家的冰真的好吃，價格小貴還可以接受，店員都蠻正的,0,0,0,0,0,0
大碗公冰·甜品 (嘉義興業店),甜點,每次經過都會買來吃，芒果雪花冰。,0,0,0,0,0,0
大碗公冰·甜品 (嘉義興業店),甜點,沒有什麼，就是好吃😊😊😊 …,0,0,0,0,0,0
NU PASTA (嘉義新民店),歐美,環境乾淨舒適，餐點美味，服務生態度超好,0,0,0,0,0,0
NU PASTA (嘉義新民店),歐美,義式料理店，明亮、簡潔的用餐環境,0,0,0,0,0,0
元生補湯,台式,份量適中，口味健康不會太重！會想再來,0,0,0,0,0,0
元生補湯,台式,各種中藥湯，可搭配定食或火鍋，湯頭不錯，店內舒適,0,0,0,0,0,0
元生補湯,台式,"店內價位偏高
用過一次餐 中上登記
買了一些中藥茶包 …",0,0,0,0,0,0
元生補湯,台式,不知道晚餐要吃什麼，看到熊貓菜單，想說人就在附近到店外帶的，熊貓的菜單打的很詳細，還有介紹各種補湯的機能，店裡的菜單反而只有簡單的菜名，店員很客氣，點了薑黃松阪豬+行氣肉骨茶湯套餐$380，每道菜都蠻好吃的，但份量稍少，肉骨茶湯非常好喝，肉也很嫩,0,0,0,0,0,0
元生補湯,台式,"服務態度良好，店面整潔
點的是肉骨茶+烤雞套餐
湯品不錯，香甜、不油膩、有藥膳味 …",0,0,0,0,0,0
義大披薩,歐美,看網路評價而來，點了經典的瑪格麗特披薩及奶油椒麻雞麵。果然，評價是對的，披薩可以吃出窯烤手工的原味，不花俏但實在。義大利麵味道濃郁少有辣味，滿能刺激味蕾的。值得再來光顧的店。,0,0,0,0,0,0
義大披薩,歐美,"跟著網路評價去的
期望有多高，失望就多高
從這裡拿回我家十分鐘不到 …",0,0,0,0,0,0
三味蚵仔煎,台式,好貴、好油，等好久…,0,0,0,0,0,0
豪哥豆花,甜點,"空間很大，很好坐啊 ~
我很喜歡清爽的「鳳梨杏仁豆腐冰」！",0,0,0,0,0,0
豪哥豆花,甜點,環境乾淨寬敞，豆花冰品種類算多，但沒有薑汁也沒有熱的，打古早味名號，豆花本身滑順爽口，卻非古早味豆漿札實的味道，搭配的鮮奶和豆漿普普通通，以平價消費來說，倒是不錯。,0,0,0,0,0,0
豪哥豆花,甜點,"還好
豆花比仙草口感還好
你講話比看起來還腦。 …",0,0,0,0,0,0
豪哥豆花,甜點,請問外送餐點，沒有袋子也沒有湯匙的概念是什麼。,0,0,0,0,0,0
豪哥豆花,甜點,對於喜歡吃豆花、燒仙草的人這裡是不錯的選擇。,0,0,0,0,0,0
車店手工現煮水餃,台式,在不起眼的深深巷弄裡，藏匿著實實在在的美味，著實令人驚艷，吸引人客再次造訪,0,0,0,0,0,0
車店手工現煮水餃,台式,"價錢合理 東西又好吃大碗 水餃hen大顆 牛肉湯很與眾不同 非常好喝
超推大家來吃！",0,0,0,0,0,0
噴水雞肉飯 (嘉義小雅店),台式,"去嘉義吃起來較舒適的雞肉飯，對面有專用停車場，但線畫的不清楚…店面空間大廁所乾淨…還有飲料專區。
雞肉飯跟雞片飯都很好吃，肉很嫩不柴，雞油配飯好香…小菜選擇很多，但價格未標🙄份量也是迷，比較喜歡的是香菇凍跟魯筍絲，其他就見仁見智…湯類普通… …",0,0,0,0,0,0
噴水雞肉飯 (嘉義小雅店),台式,"嚇死人的工作態度！整體環境寬跟亮無法消除對整潔的隨便。
食物料理台上還是不近看的好
喝完湯看到碗的紋路，是炭烤的效果嗎？真是無言！",0,0,0,0,0,0
方程式早午餐,台式,充滿溫馨的一家店，餐點份量剛好又好吃😋 …,0,0,0,0,0,0
方程式早午餐,台式,"無意間停留 用餐，卻有意外的發現
餐點既美味又特別，推！推！推！",0,0,0,0,0,0
方程式早午餐,台式,"環境簡約舒適
餐點不錯吃",0,0,0,0,0,0
六扇門 (嘉義大雅店),台式,火鍋湯頭不錯，份量配菜以小火鍋來說可以，自助bar，提供白飯、滷肉、泡麵、意麵，飲料有果汁、汽水、茶、咖啡，點心爆米花、玉米乖乖，兩個品牌八種口味的冰淇淋，可用甜筒餅乾或是杯子裝，無限量提供。以小火鍋的價格，稱得上是物美價廉。內部的裝潢明亮，用餐環境舒適。推薦👍👍👍 …,0,0,0,0,0,0
六扇門 (嘉義大雅店),台式,服務態度佳，食材新鮮，飲品選擇多，鍋物品項選擇多，價格平價，非常值得去，就是人多了點,0,0,0,0,0,0
潘壽司,日式,"食材道地，師傅料理很到位，價格也算合理。
但比較高價的品項數量有限，晚到往往已賣完，讓人扼腕",0,0,0,0,0,0
潘壽司,日式,東西還不錯吃，只是有點小貴⋯⋯,0,0,0,0,0,0
潘壽司,日式,整潔，適合招待客人，勘吃,0,0,0,0,0,0
香香火雞肉飯,台式,第一次來吃，價格平價，東西也不錯吃！只是魯肉飯跟平常吃的味道不太一樣，個人比較不習慣。,0,0,0,0,0,0
清霖茶莊 (嘉義民生店),飲料,"飲料的檸檬跟柳丁是鮮榨的耶
Cp值很高，價位親民，
而且女店員超親切服務超好❤️
下次有經過嘉義一定會再訪",0,0,0,0,0,0
清霖茶莊 (嘉義民生店),飲料,路過口渴歡迎，光臨🤣🤣 …,0,0,0,0,0,0
慕飲客 MNC,飲料,葡萄柚整顆鮮榨，味道一整個酸甜夠味。而且老闆和老闆娘人超nice，愛心pro，還有店狗「冠希」。這名字也太好笑😆 …,0,0,0,0,0,0
慕飲客 MNC,飲料,葡萄柚冰茶居然是整顆下去榨汁，果肉也超多的！！老闆娘服務也很好👍 …,0,0,0,0,0,0
築間幸福鍋物 (嘉義忠孝店),台式,好吃～服務人員也很親切！！,0,0,0,0,0,0
築間幸福鍋物 (嘉義忠孝店),台式,服務人員很親切、菜色也優質，很值得推薦,0,0,0,0,0,0
築間幸福鍋物 (嘉義忠孝店),台式,服務親切、餐點很優質唷！,0,0,0,0,0,0
築間幸福鍋物 (嘉義忠孝店),台式,湯頭很多樣化，食材新鮮，服務很好👍 …,0,0,0,0,0,0
阿福牛排 (嘉義忠孝店),台式,第一次訪，環境明亮整潔、老闆們都很親切，濃湯很好喝，雞排皮脆，豬排不乾柴，厚片也不錯，整體cp值高，麵的份量超多、沒有吃完很不好意思，下次會點不要麵 換一顆蛋！,0,0,0,0,0,0
嘉仁鮮物日式定食,日式,價格評價，食材好吃，環境送餐速度都不錯，鰻魚有細刺品嚐時要多注意。,0,0,0,0,0,0
林家火雞肉飯X麻油雞飯,台式,"整體還可以
麻油雞湯的雞腿很柴",0,0,0,0,0,0
林家火雞肉飯X麻油雞飯,台式,"前陣子在台北尋尋覓覓麻油雞飯超久，殊不知老家樓下就有賣。
入口直接驚為天人，齒頰蔓延麻油香氣，雞肉給得還算大方，口感軟嫩不柴，紫米粒粒分明，Q彈有勁。
一定已經推爆，改次回嘉必須再買。",0,0,0,0,0,0
林家火雞肉飯X麻油雞飯,台式,第一次來嘉義吃火雞肉飯，真的沒讓我失望！雞肉片飯必吃，醍醐味豬腳好吃！很多涼拌菜跟小吃很想點但怕吃不完😂讚讚讚 …,0,0,0,0,0,0
林家火雞肉飯X麻油雞飯,台式,買了好幾次猪脚飯，猪脚真的滷的很好吃，但上次去買差好多，完全變了，吃起來有臭酸的感覺，而且大部份都是給皮，漲價了份量也變少了，還以為是買錯家，不會再去買了,0,0,0,0,0,0
林家火雞肉飯X麻油雞飯,台式,麻油雞飯是用紫米或者黑米的米用的，越嚼越覺得有香氣，裡面應該是薑吧吃起來不會讓你覺得吃不下去，已經煸到有香菇的感覺了～很推薦嘗試看看,0,0,0,0,0,0
林家火雞肉飯X麻油雞飯,台式,"嘉義雞肉飯巡迴-29 林家雞肉飯

林家雞肉飯應該是吃到目前為止，最坎坷在吃到的雞肉飯。歷經了三次公休才吃到… …",0,0,0,0,0,0
林家火雞肉飯X麻油雞飯,台式,超棒的麻油雞，每次到嘉義必吃。主打麻油雞湯/麻油雞飯，老闆的麻油油而不膩，值得一吃再吃,0,0,0,0,0,0
台灣魯肉飯 (嘉義世賢店),台式,"分別於9/3（六）和9/5（一）去了世賢店和新民店，二家店的停車都不好停車
世賢店的前面雖是白線，但屬於那種不能停的白線，但大家照停，店面醒目好找，店面很大，坐位不多，有快炒類
新民店的前面是黃線，附近沒有停車格，店面非常不醒目，我繞了二圈才看到，店面很小，座位屬於一字型的比較多，沒有快炒類 …",0,0,0,0,0,0
台灣魯肉飯 (嘉義世賢店),台式,便宜又有裝潢的滷肉飯，適合小小聚會吃不用很飽,0,0,0,0,0,0
台灣魯肉飯 (嘉義世賢店),台式,好吃，但以嘉義價格算不便宜,0,0,0,0,0,0
老師傅手工大湯圓/彩虹粉粿冰,甜點,"我們大約10:40左右到達的，都還沒有客人，服務員是一位年輕、親切的帥哥。食物很便宜，個人超推薦“桑葚”好吃又不會甜到膩，粉粿真的很好吃，單買粉粿盤也是個好選擇，這次完全沒有吃到湯圓，下次再來。
只是對我來說路途真的有點遙遠啊～",0,0,0,0,0,0
老師傅手工大湯圓/彩虹粉粿冰,甜點,"連假期間的其一景點
正逢天熱，覓尋到了這家冰店，本來還擔心人會太多，剛好抵達時走了一波人，很快就有位置了。 …",0,0,0,0,0,0
老師傅手工大湯圓/彩虹粉粿冰,甜點,"大碗綜合冰 只要$55 可自選8種料
但料都是粉粿類居多, 好難選
然後料都沒什麼味道, 要一直加糖水
尤其是珍奶粉粿, 完全沒味道",0,0,0,0,0,0
老師傅手工大湯圓/彩虹粉粿冰,甜點,"點了招牌五行燒冷冰，結果先給一碗冰，然後冰已經吃完了，燒的湯圓還沒來。

燒冷冰是這樣子的嗎？
怎麼跟別人照片上的不一樣。",0,0,0,0,0,0
老師傅手工大湯圓/彩虹粉粿冰,甜點,"粉粿控一定要來阿～
超多口味的粉粿
這次點的粉粿口味有原味、百香果、冬瓜茶、抹茶紅豆、珍珠奶茶、洛神
再加上杏仁跟愛玉八樣配料才$45",0,0,0,0,0,0
明石章魚燒 (嘉義南京店),日式,"新鮮的高麗菜、章魚、玉米
搭配柴魚與美奶滋、照燒醬
外皮酥脆可口！ …",0,0,0,0,0,0
大貴黑糖剉冰,甜點,燒仙草好吃，老闆親切，服務好！,0,0,0,0,0,0
幸福山丘,甜點,"庭院的造型很漂亮、愜意、清幽、可人

適合情侶、親子、家庭、長輩,來這邊快樂悠閒喝下午茶的好去處 …",0,0,0,0,0,0
幸福山丘,甜點,不用門票可參觀，裡面的植物很用心栽種，有多種鹿角蕨很美，蛋糕也很不錯！,0,0,0,0,0,0
幸福山丘,甜點,景色優美，餐點、麵包及飲料都很美味。,0,0,0,0,0,0
馬家莊眷村私廚料理,台式,老闆很親切，口味不錯，濃濃的家鄉味！,0,0,0,0,0,0
新台越美食,東南亞,"還不錯
麵包很酥，木瓜絲可以在多一點，口感會比較好。",0,0,0,0,0,0
新台越美食,東南亞,此家的青木瓜絲還不錯吃,0,0,0,0,0,0
用然名店中式餐點,台式,"早餐買了水煎包、高麗菜肉蛋吐司、脆皮蛋餅
、豆漿紅茶 ，好吃喔  豆漿紅茶不甜",0,0,0,0,0,0
Q董凍圓 (嘉義後庄店),甜點,凍圓好吃又Q彈👍👍👍 …,0,0,0,0,0,0
巧之脆 (中埔後庄店),小吃,環境乾淨衛生，中式雞排多汁酥脆，大推！,0,0,0,0,0,0
巧之脆 (中埔後庄店),小吃,傳統雞排真的很多汁耶！完全不乾柴👍 …,0,0,0,0,0,0
北方水餃,台式,海產粥還有水餃味道中規中矩，睡覺個頭普通，可以稱讚的的是滷味，滷味會再加熱。豆乾豆包都不錯。唯獨大腸豬耳朵價格偏高，份量小。,0,0,0,0,0,0
品譽牛肉湯涮涮鍋,日式,"不輸台南排隊名店的牛肉湯！
就在嘉義交流道旁邊，食客駱驛不絕但也無需排隊！值得再訪..🤗 …",0,0,0,0,0,0
品譽牛肉湯涮涮鍋,日式,"環境ok，服務ok，湯頭很甜。
綜合肉盤沒什麼油花，
蔥爆牛肉丸有包內餡味道普普。",0,0,0,0,0,0
品譽牛肉湯涮涮鍋,日式,交流道下停車方便，環境乾淨，牛肉湯的牛肉分量夠，喝得出台南風味的牛肉湯，炒芥藍牛肉的肉醃製的太over，口感太怪，有失專業。,0,0,0,0,0,0
品譽牛肉湯涮涮鍋,日式,湯頭非常好，菜也都很入味，很值得推薦的一家,0,0,0,0,0,0
品譽牛肉湯涮涮鍋,日式,"我是台南人，因為工作來嘉義定居
這家真的是我來嘉義6年來吃過最好吃的牛肉湯！
跟台南的比起來絲毫不遜色，湯頭真的沒話說，牛肉也很新鮮～牛肉燴飯非常棒，每一口吃起來都有牛肉的香氣在裡面，今天早上第一次買就愛上了 …",0,0,0,0,0,0
品譽牛肉湯涮涮鍋,日式,北港路靠近交流道附近，招牌很大不難找，牛肉好吃湯頭好喝，寒冬的好選擇,0,0,0,0,0,0
品譽牛肉湯涮涮鍋,日式,"牛雜湯
芥蘭牛肉 …",0,0,0,0,0,0
品譽牛肉湯涮涮鍋,日式,"環境乾淨  食物好吃
推推👍🏻 …",0,0,0,0,0,0
木昂手作 (嘉義北港店),飲料,上國道不怕口渴👍 …,0,0,0,0,0,0
豬小妹 (豬腳/精緻便當),台式,"老闆娘很客氣態度很好
而且東西真的好吃
酸菜很夠味（辣）
價錢又平價",0,0,0,0,0,0
豬小妹 (豬腳/精緻便當),台式,CP 值很高的一家店，75元的便當有90元甚至100元的價值，青菜也非常翠綠新鮮，在此做滿分的推薦👍👍 …,0,0,0,0,0,0
席波早午餐,台式,物超所值，料多實在。,0,0,0,0,0,0
洪記牛肉麵,台式,青椒牛肉炒飯，陽春麵超級好吃，不過老闆有時候會沒營業，會撲空哈哈,0,0,0,0,0,0
不要對我尖叫 (嘉義文化店),飲料,貴 很普通 甚至不太好喝,0,0,0,0,0,0
噴火雞肉飯-深坑清蒸臭豆腐-快炒 (嘉義博愛店),台式,第一次來吃，朋友介紹來吃的，整體感覺不錯！👍還可以點合菜。（只是因為這家生意實在太好了，真的要等蠻久的） …,0,0,0,0,0,0
噴火雞肉飯-深坑清蒸臭豆腐-快炒 (嘉義博愛店),台式,物超所值，好吃又便宜，唯一缺點就是難停車。,0,0,0,0,0,0
噴火雞肉飯-深坑清蒸臭豆腐-快炒 (嘉義博愛店),台式,菜色都非常好吃，但口味較重鹹些~,0,0,0,0,0,0
噴火雞肉飯-深坑清蒸臭豆腐-快炒 (嘉義博愛店),台式,很平價的快炒店，如果有販賣飲料能解部分較油膩的餐點,0,0,0,0,0,0
噴火雞肉飯-深坑清蒸臭豆腐-快炒 (嘉義博愛店),台式,商家為俗又大碗（花715元…真是便宜到不行）  環境清新乾淨  菜品一般 整體分數給8分（滿分10分）一定會再去喔   滷肉飯為手切肉塊很推   蝦仁炒飯不錯（炒飯叫2份） 羊肉炒菜與牛肉滑蛋之羊牛肉老柴不推  五更腸旺偏鹹  炸豬排一般  炒清菜與菜甫蛋一般  豬肝湯20元-好吃（脆口）大碗到嚇人   什錦麵好吃   3個人吃不完  打包,0,0,0,0,0,0
噴火雞肉飯-深坑清蒸臭豆腐-快炒 (嘉義博愛店),台式,便宜好吃😋，基本上兩個人500以內可以吃到超級飽 …,0,0,0,0,0,0
滷憶食堂,台式,環境乾乾淨淨的，吃的也安心，,0,0,0,0,0,0
畝鍋燒意麵,台式,"老闆娘親切,學生價的鍋燒意麵，份量很足夠，湯頭偏養身清淡，外食習慣的朋友可能會覺得口味太淡",0,0,0,0,0,0
畝鍋燒意麵,台式,非常好的當地美食，獲得當地獎項！良好的價值和良好的食品質量。推薦參觀。家族企業,0,0,0,0,0,0
五木咖啡 Five woods,飲料,服務很好，氣氛很輕鬆，十分推薦草莓生乳酪！,0,0,0,0,0,0
五木咖啡 Five woods,飲料,裝潢溫馨，在花磚博物館對面，提供休息充電落腳處。,0,0,0,0,0,0
煲閣X雲饕廚房 (嘉義東區店),港式,聞到味道就知道是厲害角色,0,0,0,0,0,0
桃城幸福紅豆餅,甜點,老闆很親切，來嘉義好幾趟了，終於讓我品嚐到這個紅豆餅，這次選擇抹茶、抹茶OREO、玉米起司，好好吃，下次來還要再來回購👍。紅豆餅都吃完了才想到沒有拍照🤣 …,0,0,0,0,0,0
桃城幸福紅豆餅,甜點,"這家超酷的啦
有很多種口味
什麼起司玉米 oreo之類的 …",0,0,0,0,0,0
桃城幸福紅豆餅,甜點,無紙化很環保，可惜當天去芋頭沒了。口味見仁見智。,0,0,0,0,0,0
桃城幸福紅豆餅,甜點,在文化路上閒逛突然下雨，躲雨時巧遇這攤紅豆餅，老闆熱情詢問我們從哪來，推薦介紹嘉義有全台最小的森林，與全台最大的植物園等等，重點是紅豆餅好吃新鮮，現點現做。,0,0,0,0,0,0
桃城幸福紅豆餅,甜點,口味多樣化，特別不錯吃,0,0,0,0,0,0
桃城幸福紅豆餅,甜點,"沒同理心！嘲笑聽障老人！

前陣子我陪我爸去買你們家的紅豆餅，我爸說聽說很好吃想吃吃看！ …",0,0,0,0,0,0
桃城幸福紅豆餅,甜點,老闆真的是很用心，把健康美味的食材製作在紅豆餅的各種口味，把成本提升的壓力保留在價格的溫度裏面，經過嘉義文化路時，一定要來嚐嚐。各種口味，只吃一種恐怕不過癮喔！,0,0,0,0,0,0
桃城幸福紅豆餅,甜點,好吃。喜歡餡料跟皮的比例，相較於很多只強調滿滿餡料的車輪餅不同；Oreo口味是整塊完整的餅乾。老闆清楚的介紹點餐方式，恰當真切的服務態度讓人感覺舒服。,0,0,0,0,0,0
桃城幸福紅豆餅,甜點,好吃，各種口味都不錯，尤其是夏威夷口味的，在等待製作的過程中，都會跟顧客說訂單較多，可以先訂幾分後再過來，很有禮貌及耐心的好老闆。,0,0,0,0,0,0
桃城幸福紅豆餅,甜點,超級好吃的紅豆餅，用料實在，價格實惠，來嘉義一定要吃,0,0,0,0,0,0
桃城幸福紅豆餅,甜點,"想吃紅豆餅想瘋了 騎車經過馬上回頭買！
便宜又好吃
不得不說還是奶油口味最好欸",0,0,0,0,0,0
桃城幸福紅豆餅,甜點,各式各樣的紅豆餅，老闆也很親切！,0,0,0,0,0,0
桃城幸福紅豆餅,甜點,榮民開的！料好實在！好吃推薦！,0,0,0,0,0,0
皇家烤鴨,中式,"買這家很多次了，今天拿到一鴨二吃超級傻眼。
明明打電話預訂，按照時間到現場還要等十分鐘，這樣就算了，回家打開才發現份量縮水很多，烤鴨和鹹酥鴨份量是以前的一半，根本把消費者當笨蛋！",0,0,0,0,0,0
皇家烤鴨,中式,打電話過去叫我報號碼…結果我的被拿走隨便應付我…有點太扯,0,0,0,0,0,0
香湖麵粥便當店,台式,食材新鮮、湯頭清甜、很讚哦,0,0,0,0,0,0
香湖麵粥便當店,台式,火锅味道很好，肉和菜都挺新鲜的,0,0,0,0,0,0
鮮鼎食鍋 (嘉義總店),台式,老闆娘超級贊！生日招待1大盤海鮮,0,0,0,0,0,0
鮮鼎食鍋 (嘉義總店),台式,價格高又沒很好吃，不如去串丸子,0,0,0,0,0,0
鳳壽司 (嘉義文化店),日式,口味還OK，品項滿多，外帶壽司餐盒很方便，突然想吃壽司的好選擇。,0,0,0,0,0,0
姐妹豬腳飯便當,台式,蒸餃很好吃，但是人也很多。內用外帶都需要排隊。還有老闆娘吧（？）算錯錢了，我點五籠蒸餃250、三碗酸辣湯105、一份30元的豬皮，共385元，我拿1000應是找615，後來她說算錯找我595，我想應該是把豬皮算成大份50元的。也沒關係，東西真的好吃，就當清潔費吧，😁 …,0,0,0,0,0,0
姐妹豬腳飯便當,台式,"入座後餐點很快就上桌
蒸餃的外觀保證絕對是手工包
每籠蒸餃配一碟薑絲 …",0,0,0,0,0,0
姐妹豬腳飯便當,台式,"1.練腸胃的好地方，嫌肚子生菌數不夠多的可以考慮來觀光，大拇哥內扣泡湯只是基本，看到大拇哥在那spa泡溫泉我也是敬佩工作人員的鐵砂掌

2.大小聲也是免費附加價值，來這種傳統店家沒大你一兩聲好像哪裡怪怪的，兇你一波才是中南部小吃店的特色風格 …",0,0,0,0,0,0
姐妹豬腳飯便當,台式,"很隨意包的蒸餃沒有湯汁但是好吃,在配上酸辣湯👍 …",0,0,0,0,0,0
姐妹豬腳飯便當,台式,"北漂遊子一年後想更新
雖然漲價了可以接受
但是漲價了，蒸餃變小顆一點就難過了😫 …",0,0,0,0,0,0
瓠仔貴 (嘉義店),台式,内部寬敞另有包廂，室內禁菸有外座禁外食，有酒促及專業生啤吧，菜色一般價位中高。,0,0,0,0,0,0
瓠仔貴 (嘉義店),台式,菜餚好吃美味 適合親朋好友聚餐❤️,0,0,0,0,0,0
瓠仔貴 (嘉義店),台式,用餐環境優雅，非常有特色的地方,0,0,0,0,0,0
福井餐廳,日式,"環境適合談話，包廂古色古香
服務人員客氣，上菜速度也不錯
停車位子可提早停附近車位 …",0,0,0,0,0,0
福井餐廳,日式,餐點美味，份量十足，這次點五份套餐，吃的很開心，從小吃到大的日本料理，還是一樣的美味,0,0,0,0,0,0
福井餐廳,日式,服務很親切，東西也很好吃。唯獨茶泡飯是非常大的大地雷，千萬不要點,0,0,0,0,0,0
大老闆手作披薩,歐美,"外帶到 飯店 食用
即使 冷掉  還是 好吃
餅皮 也沒 變得 濕軟 …",0,0,0,0,0,0
大老闆手作披薩,歐美,"pizza 都是8吋
田園派pizza， pizza底是芋頭，很特別
內用附小鏟子，吃pizza不沾手",0,0,0,0,0,0
大老闆手作披薩,歐美,老闆親切，pizza好吃價格也很棒！,0,0,0,0,0,0
大老闆手作披薩,歐美,吃Pizza 最怕吃到過厚的餅皮，太膩的餡料，太大塊吃不完，第一次吃到大老闆的Pizza 完全沒有上面的缺點，很多意想不到的食材居然跟Pizza餅皮是如此的搭配，每個季節都還有季節限定口味，我只能說老闆真的很用心，真的很推~來吃一次一定讓你感受到吃到美食的喜悅。,0,0,0,0,0,0
大老闆手作披薩,歐美,珍珠跟蘋果口味好吃～甜口味可以雙拼～,0,0,0,0,0,0
Jimmy滿漢堡,歐美,"🍔邪惡吉士薯豚堡$98
有薯餅 超讚
🍔松露牛肉吉士堡$128 …",0,0,0,0,0,0
Jimmy滿漢堡,歐美,漢堡、鮮奶茶都超讚，推推,0,0,0,0,0,0
Jimmy滿漢堡,歐美,好吃是好吃，不過有果蠅一直飛來飛去的，剛要吃漢堡時發現漢堡上有果蠅在爬,0,0,0,0,0,0
Jimmy滿漢堡,歐美,很好吃 但蝦餅一塊要65有點太貴….,0,0,0,0,0,0
台灣阿美魯肉飯 (阿爸ㄟ店),台式,說起來不是很實在，請自己去吃看看，當時我眼睛閉著忽然想到我的阿嬤，味道熟悉絞肉跟肥肉油蔥味的搭配說不好或說好都不是形容的瞭…,0,0,0,0,0,0
台灣阿美魯肉飯 (阿爸ㄟ店),台式,份量足，味道佳，價格平實，值得推薦。,0,0,0,0,0,0
台灣阿美魯肉飯 (阿爸ㄟ店),台式,好吃！平價！會想再來,0,0,0,0,0,0
台灣阿美魯肉飯 (阿爸ㄟ店),台式,"菜色多樣,口味特別,值得品嚐！",0,0,0,0,0,0
釜山崔炸雞 (嘉義忠孝店),韓式,"以炸雞來說算好吃
但是就是台式炸雞加醬而已稱不上韓式炸雞（點煙）",0,0,0,0,0,0
釜山崔炸雞 (嘉義忠孝店),韓式,"特大份大約兩個男生可以吃完的份量，建議可以先用電話訂再去拿。

味道的部分；個人覺得醬油跟蒜味比甜醬好吃，但沒有附醃蘿蔔需要額外加購，期望之後可以有生洋蔥換醃蘿蔔的選擇。",0,0,0,0,0,0
釜山崔炸雞 (嘉義忠孝店),韓式,個人很喜歡的韓式炸雞 醬料裹的很均勻 可是物價上漲 越來越貴 炸雞內容物數量越來越少了,0,0,0,0,0,0
釜山崔炸雞 (嘉義忠孝店),韓式,炸雞酥脆卡茲卡茲史密達😌甜醬辣度適中非常涮口 …,0,0,0,0,0,0
釜山崔炸雞 (嘉義忠孝店),韓式,"說韓式，太勉強⋯比較像還可以的、沒有掛醬的、糖醋雞肉。
炸雞麵衣多，肉小塊，有幾塊還是剪成半塊的⋯雞排都不切了這個還切半塊⋯難懂。
附的薯條沒有味道又含油，增加份量的效果倒不錯。 …",0,0,0,0,0,0
釜山崔炸雞 (嘉義忠孝店),韓式,"品質很不穩定
第一次吃驚為天人
第二次來買整個沒有味道 …",0,0,0,0,0,0
釜山崔炸雞 (嘉義忠孝店),韓式,算是我目前吃過最好吃的韓式炸雞，排隊等待是值得的，建議先打電話預約,0,0,0,0,0,0
參拌健康餐盒,健康餐,店內裝潢明亮乾淨 能選擇要有飯或是多一些蔬菜 算是嘉義少見的健康餐 薑黃飯應該是用長米煮的 香味十足 味道剛好可以補足清淡的配料 配料及主餐都沒有用過多的調味 保留食物本身獨特的香味 一些腥味也被巧妙的修飾掉了 幾乎吃不出其他的調味料 看起來就像在啃生鮮食材 不過味道卻很足夠 完全不會單調 跟我原本想像的健康餐差很多 舒肥雞胸很嫩 充滿雞香和胡椒鹽的味道 完全沒有腥味 自己帶容器裝能便宜5元 而且份量好像會多一些 不過最近漲價了 以嘉義物價來說 會讓人有點難下手,0,0,0,0,0,0
參拌健康餐盒,健康餐,吃過這麼間健康餐盒、你們還需要加油、140的雞腿排份量過小、肉質偏硬不嫩、米心沒煮透、光是米心吃到是硬的超雷的、其他配菜中等還可以。,0,0,0,0,0,0
參拌健康餐盒,健康餐,"飯是黃黃的那種
不會到很貴，也有飽足感
缺點就是內容物都冷冷的",0,0,0,0,0,0
參拌健康餐盒,健康餐,"有夠好吃
餐點五顏六色
多元植食
腸道快樂（單押*1",0,0,0,0,0,0
參拌健康餐盒,健康餐,"雞腿肉好吃 蝦子很新鮮！！
不過份量跟粉絲專頁上的照片比起來偏少
cp值不高😣 希望可以增量！～ …",0,0,0,0,0,0
良心食堂,台式,可能是我吃習慣味精吧，這邊的口味完全不習慣,0,0,0,0,0,0
吳記排骨酥 (嘉義林森店),小吃,炸得不錯吃，不會油油膩膩的，完全乾乾酥酥香香的！,0,0,0,0,0,0
阿威炒飯烏龍麵,台式,搬家兩三次但是品質還是一樣穩定，是一間值得推薦的炒飯店。,0,0,0,0,0,0
花旦麻麻,台式,好吃！ CP值高 內用區很舒適 老闆冷氣開很涼～,0,0,0,0,0,0
花旦麻麻,台式,豬肉鍋很單調，料很少、湯很淡。而且還沒附醬料包。一整個吃青菜湯的感覺。就是雷！,0,0,0,0,0,0
花旦麻麻,台式,"鴨血和麵線很好吃
水餃也很棒😋 …",0,0,0,0,0,0
花旦麻麻,台式,麻辣鴨血、麻辣臭豆腐  👍 …,0,0,0,0,0,0
瀧厚炙燒熟成牛排 (嘉義國華店),歐美,"和男友走在嘉義的街頭發現這間牛排館
從未吃過，上網查一查看起來還不錯
於是決議晚餐來吃這家， …",0,0,0,0,0,0
瀧厚炙燒熟成牛排 (嘉義國華店),歐美,被FB廣告吸引第一次嘗試這一間店，因為疫情的因素沒有在店改為外帶，電話點餐的時候接電話的小姐熱心解答我們的問題讓我們順利完成訂餐。這一次我們嘗試FB上面推薦的活動點了板腱牛排套餐送梅花豬，我在點板腱牛排的時候，就有預想到肉會比較硬、筋會比較多，不知道他們的廚師會不會好好處理，結果吃起來的口感一般肉還是那麼硬、筋也是那麼多，好加在我的牙齒還可以不然就放棄它了，應該感覺沒問題的梅花豬吃起來也是屬於偏硬但是比板腱牛好很多，整體吃完感覺只有覺得一開始電話訂餐的小姐比較OK其他真的都不太行，不過因為是連鎖店我想改變的機會也不太大，就留個評論單純抱怨一下。,0,0,0,0,0,0
瀧厚炙燒熟成牛排 (嘉義國華店),歐美,"有免費的濃湯/羅宋湯跟飲料吧，一開始還有給烤土司，加入會員還送炸地瓜條👍🏻
肉的部分還蠻軟嫩，不用任何調味料或是沾醬就有本身肉的鮮甜，但份量稍微少了點，吃完沒有飽的感覺，有點空虛，要吃的可能要點雙拼才比較有飽足感，或是加購套餐（最後是喝湯喝飽的😂） …",0,0,0,0,0,0
瀧厚炙燒熟成牛排 (嘉義國華店),歐美,接待人員親切熱情，牛排以及牛肉湯（羅宋湯），非常合我們全家的胃口。甜點推薦千層蛋糕，好吃。,0,0,0,0,0,0
瀧厚炙燒熟成牛排 (嘉義國華店),歐美,"價位上來說牛肉是可以的
番茄羅宋湯好喝
飲料和湯品自助式 …",0,0,0,0,0,0
瀧厚炙燒熟成牛排 (嘉義國華店),歐美,高Cp值今天和老公點了炙燒雞腿排肉嫩皮也烤的金黃酥脆、炙燒無骨肩小排肉質鮮美好吃，推。服務人員的服務態度也很棒啊。,0,0,0,0,0,0
初咖哩,日式,咖哩風味其實很棒，但是缺點是他的咖哩料紅蘿蔔和馬鈴薯以及花椰菜是清燙的，沒有咖哩的味道，但是竹莢魚本身很好吃，非常推薦，上菜速度非常快，翻桌速度也很快，但是當天（禮拜五晚上）並無很多人，值得前往嘗試看看！！,0,0,0,0,0,0
初咖哩,日式,咖哩味道我不習慣感覺沒有咖哩的香氣，泡菜很優,0,0,0,0,0,0
初咖哩,日式,"給下面名pers pective的朋友…

我是那天您來店時 我在旁的客人 我實際目睹了當天的一切實際情形 事實是： 那天您一個人進來是 您似乎很堅持一個人卻要坐四人座 其實不管那時店有沒有人 但店有店規 店家會依人數帶領客人坐合適的位置 您不應就因這事而在網路任意做惡意的情緒發言。做生意不容易 您應多予體諒才對。",0,0,0,0,0,0
初咖哩,日式,牛肉軟嫩 豆腐冰涼爽口 紅茶也好喝，反而是咖喱跟飯主餐沒有特別的驚艷！老屋空間有限，走動不易，廁所就在廚房旁隔著一片裝潢牆。,0,0,0,0,0,0
初咖哩,日式,"造訪時間11/4 1730-1800
香嫩雞肉咖哩飯 $190
餐點附味增湯、小菜、熱茶 …",0,0,0,0,0,0
金喜屋 (嘉義文化店),台式,餐點精緻美味，內部裝飾優美舒適，店員親切,0,0,0,0,0,0
金喜屋 (嘉義文化店),台式,嗯~夜宵吃一次就不會來的店！,0,0,0,0,0,0
金喜屋 (嘉義文化店),台式,環境明亮乾淨，製作過程衛生，親切主動服務，重點餐點好吃！,0,0,0,0,0,0
金喜屋 (嘉義文化店),台式,餐點有點久 卡拉蛋吐司55感覺比其他店貴了點,0,0,0,0,0,0
慢慢蛋雞蛋糕（嘉義民權店）,甜點,香腸起司口味很驚艷！但伯爵奶茶吃起來比較沒有奶茶的味道（可能因人而異），希望可以調整一下這個口味。另外，每種口味的餡料都是滿的！,0,0,0,0,0,0
慢慢蛋雞蛋糕（嘉義民權店）,甜點,"當天吃了當日限定口味「奶酥卡士達」
好吃！",0,0,0,0,0,0
壹零貳弎健康餐盒義大利麵,健康餐,"餐點好吃，服務又好
老闆人真帥",0,0,0,0,0,0
壹零貳弎健康餐盒義大利麵,健康餐,"餐點非常好吃 老闆也很親切
服務超級讚👍 …",0,0,0,0,0,0
碳口憩俱樂部,小吃,食材新鮮！店員親切！東西好吃😋 …,0,0,0,0,0,0
碳口憩俱樂部,小吃,服務態度很好 食材新鮮👍 …,0,0,0,0,0,0
碳口憩俱樂部,小吃,環境寬敞無油煙味！食物好吃😋會想再訪👍 …,0,0,0,0,0,0
碳口憩俱樂部,小吃,CP值很高的一間串燒店 店裡氣氛又很不錯 推,0,0,0,0,0,0
碳口憩俱樂部,小吃,老闆很好客，餐廳的氛圍好,0,0,0,0,0,0
碳口憩俱樂部,小吃,服務好 價格便宜又實惠😍 …,0,0,0,0,0,0
碳口憩俱樂部,小吃,新開的來吃吃看老闆送飲料👍👍 …,0,0,0,0,0,0
碳口憩俱樂部,小吃,服務很周到，烤的好吃,0,0,0,0,0,0
碳口憩俱樂部,小吃,老闆熱情服務 服務超棒👍 …,0,0,0,0,0,0
舊廚飯廳,台式,"1／7聚餐
大家選擇這家
說超好吃 …",0,0,0,0,0,0
舊廚飯廳,台式,舒適，餐點好吃的飯廳,0,0,0,0,0,0
1314倚山倚食異國料理,東南亞,三杯雞好吃，有入味^_^,0,0,0,0,0,0
1314倚山倚食異國料理,東南亞,餐點蠻不錯的，份量很夠,0,0,0,0,0,0
1314倚山倚食異國料理,東南亞,東西好吃~    服務人員態度很好~,0,0,0,0,0,0
1314倚山倚食異國料理,東南亞,各種風味美食料理等你來品嚐😘 …,0,0,0,0,0,0
悠刻早午餐 (嘉義北門店),台式,卡拉雞腿套餐和卡拉雞沙拉都很讚，份量很足，肉很嫩又多汁，吃得好撐！奶茶的茶味重，不膩口👍 …,0,0,0,0,0,0
悠刻早午餐 (嘉義北門店),台式,"不錯吃 價格也不貴
店面不大 位置小小的
人太多要一起吃會比較擁擠 …",0,0,0,0,0,0
悠刻早午餐 (嘉義北門店),台式,服務親切 蛋餅料多分量大 餐點美味,0,0,0,0,0,0
悠刻早午餐 (嘉義北門店),台式,"第二次來，點了E餐加薏仁燕麥飲

套餐各品項都很好吃沒問題，特別是番茄醬，真的第二次吃還是超好吃！ …",0,0,0,0,0,0
悠刻早午餐 (嘉義北門店),台式,"炒泡麵份量相當充足可惜滋味欠佳, 另外點了蔬菜蛋餅也是很迷樣的口感...
過於濕潤其實也不太好入口, 有點像有成形的麵糊及醬料的綜合體。
可能沒點到他們招牌, 未來再試試看其他的餐點了...",0,0,0,0,0,0
悠刻早午餐 (嘉義北門店),台式,蛋餅不好吃，蛋沒熟，土司夾蛋蛋好像煎很久不鮮，紅茶又難喝太甜，點的肉也沒熟，從來沒吃過這麼難吃的早餐，見意要吃的人，想想再點，不然後悔，我以後不會再去這家買。,0,0,0,0,0,0
悠刻早午餐 (嘉義北門店),台式,員工點餐的音量太大了，因為空間不大，又密閉，有時覺得很吵。而且感覺是店家員工比客人吵。如果改進這一點，就很完美了,0,0,0,0,0,0
一心牛排,台式,牛排好吃跟二葉差不多，羅宋湯還好，玉米濃湯比二葉難喝也有一點酸味須改善,0,0,0,0,0,0
一心牛排,台式,"沒有吃過cp 值那麼高的平價排餐！！！大家真的可以來嘗鮮
主廚是前嘉義高級牛排總督店的大廚。。。。我吃了覺得整個嘴巴好甜喔！
時間有改。看我照片喔！",0,0,0,0,0,0
一心牛排,台式,牛排份量十足  玉米濃湯  羅宋湯  很好喝,0,0,0,0,0,0
一心牛排,台式,"羅宋湯口感濃郁，吃的到牛肉，貨真價實；玉米濃湯雖看似平凡，但味道嚐起來十分有感，一種鹹甜環繞的滋味。

厚切牛排部分，生熟比例掌握的非常好，咬下去鮮嫩多汁，也不會太難嚼，適合平常沒有吃牛排習慣的人來嘗試。 …",0,0,0,0,0,0
一心牛排,台式,"哇，我自己去點沙朗牛排非常嫩好吃
7分熟問好，下次會再光臨的",0,0,0,0,0,0
一心牛排,台式,好吃，服務人員態度很好，份量足夠，湯也很好喝，環境整潔整體還不錯。,0,0,0,0,0,0
一心牛排,台式,料好實在，羅宋湯是大賣點。,0,0,0,0,0,0
貳頭雞 (嘉義總店),小吃,"熊貓點了兩次 都是現炸 真的很好吃
超推雞排跟雞翅",0,0,0,0,0,0
貳頭雞 (嘉義總店),小吃,"炸雞翅超好吃，咬下還有雞汁
太強大了👍👍👍 …",0,0,0,0,0,0
貳頭雞 (嘉義總店),小吃,"香酥雞好吃 冷泡茶好喝不會澀
地瓜薯香味四溢",0,0,0,0,0,0
貳頭雞 (嘉義總店),小吃,好吃的炸雞店 解膩的冷泡茶 讚讚,0,0,0,0,0,0
貳頭雞 (嘉義總店),小吃,貳頭雞老闆和善 好客 有健身 難怪叫貳頭雞 XDD,0,0,0,0,0,0
OWL COFFEE 貓頭鷹咖啡,甜點,"內用環境很chill～適合聊天久坐。（但防疫期間請大家外帶，盡量乖乖待在家裡。這是前幾個禮拜拍的）
拿鐵咖啡味偏重，算不錯了，中規中矩地好喝。",0,0,0,0,0,0
OWL COFFEE 貓頭鷹咖啡,甜點,安靜，一人有一個插座可免費充電還有wifi，老闆娘超級溫柔和氣，氛圍很棒的咖啡廳,0,0,0,0,0,0
OWL COFFEE 貓頭鷹咖啡,甜點,"咖啡以價格來說,算是不錯的。
空間來說也很棒",0,0,0,0,0,0
OWL COFFEE 貓頭鷹咖啡,甜點,老闆漂亮，咖啡好喝，嘉義難得好店家。新式建築。,0,0,0,0,0,0
OWL COFFEE 貓頭鷹咖啡,甜點,環境很好 有插頭 可以在這坐很久很久！,0,0,0,0,0,0
御饌鼎皇一鍋一燒,台式,用餐環境不錯，很用心在做清潔！第一次覺得原來火鍋店的桌子可以這麼乾淨！洗手間也是！湯頭好喝，也算平價！會讓人想再次光顧的店～,0,0,0,0,0,0
御饌鼎皇一鍋一燒,台式,在嘉義上學時很常去吃的一間店，價格便宜店內自助東西也多，cp值很高,0,0,0,0,0,0
御饌鼎皇一鍋一燒,台式,"老闆人非常好
對人很客氣
值得一來再來 …",0,0,0,0,0,0
御饌鼎皇一鍋一燒,台式,火鍋湯底好喝（泰式酸辣），品項多，環境乾淨，對面有汽車停車場,0,0,0,0,0,0
御饌鼎皇一鍋一燒,台式,"很特別的一鍋一燒，平價且食物新鮮好吃，老闆到店員都很親切！
我喜歡鋪在燒物底下的苜蓿芽，忍不住問老闆能否再加一點，結果老闆霸氣的給了一盤呢！問他多少錢，他笑著說不用！真是佛心店家！",0,0,0,0,0,0
御饌鼎皇一鍋一燒,台式,超棒的一間平價一鍋一燒的火鍋店，很好吃，內用飯飲料喝到爽，假日還有珍珠，真的很棒～～,0,0,0,0,0,0
御饌鼎皇一鍋一燒,台式,很好吃，服務很親切，讓我們常常去吃,0,0,0,0,0,0
御饌鼎皇一鍋一燒,台式,很好吃，服務也很好！,0,0,0,0,0,0
湯虎。食初-國華店,台式,味噌鍋燒蠻好吃的，小菜滷味也非常推薦,0,0,0,0,0,0
湯虎。食初-國華店,台式,"滷肉飯很推😋
不油膩，好吃
鍋燒也不錯👍 …",0,0,0,0,0,0
湯虎。食初-國華店,台式,"地理位置方便，在市區來說相當實惠的價格
環境較窄，不太適合帶小小孩",0,0,0,0,0,0
湯虎。食初-國華店,台式,環境乾淨、價格公道、餐點好吃、豆乾好吃～～～,0,0,0,0,0,0
湯虎。食初-國華店,台式,魯肉飯好吃，座位舒適乾淨,0,0,0,0,0,0
湯虎。食初-國華店,台式,買了味增鍋燒意麵～吃到一半夾出意麵袋子的一部分～驚訝～袋子不小啊！,0,0,0,0,0,0
湯虎。食初-國華店,台式,好好吃ㄛ烏龍麵好好吃我好飽料好好吃好吃嘻嘻,0,0,0,0,0,0
湯虎。食初-國華店,台式,"超好吃😋很符合我的口味，店員老闆都很客氣
吃一次就愛上了 …",0,0,0,0,0,0
湯虎。食初-國華店,台式,覺得算經濟實惠吧 沒花多少也能吃很飽,0,0,0,0,0,0
湯虎。食初-國華店,台式,好吃，牛奶鍋燒是用牛奶，不像很多都用奶粉的,0,0,0,0,0,0
湯虎。食初-國華店,台式,一間去一次就會想再去的店！,0,0,0,0,0,0
吐司男晨食專賣 (嘉義民生店),台式,"兩顆星是給其他餐點還不錯吃

但今天的用餐體驗實在不怎麼好 …",0,0,0,0,0,0
吐司男晨食專賣 (嘉義民生店),台式,吐司很軟，奶油很香很好吃！可以先預訂再取餐非常讚，旁邊是停車場也很方便！,0,0,0,0,0,0
吐司男晨食專賣 (嘉義民生店),台式,"裝潢走簡約風 拍照很漂亮

座位較少 只有一桌併4人的 人多的話需要分開坐 …",0,0,0,0,0,0
吐司男晨食專賣 (嘉義民生店),台式,"漢堡牛肉多汁
可惜漢堡皮沒有烤或煎
照成漢堡皮濕濕的有點可惜",0,0,0,0,0,0
吐司男晨食專賣 (嘉義民生店),台式,"外送系統點餐加價高，但不用等待。餐點好吃，蛋餅料多皮酥又不會硬、牛肉捲餅味道好吃，吐司也很好吃，外皮香軟內餡歐姆蛋也很香嫩，吃一次就愛上。
Ps.這家店一看就不是讓你吃粗飽的，要吃飽要多花一些錢，但整體好吃，吃完心情很好。雖不會常吃，希望維持良好品質，會再回購。",0,0,0,0,0,0
吐司男晨食專賣 (嘉義民生店),台式,吐司份量偏大，食量一般的女生，當作早午餐來吃，是男生也會吃的飽的份量。食材新鮮，剛開始吃時，上半層有醬汁配料，算蠻順口的，但吃久會有點油膩，吃到下半部時，配菜已經吃完，只剩吐司跟生菜，就會覺得蠻乾的，需要飲料來救援，喝熱飲有助解膩，雞塊比一般早餐店的好吃。 …,0,0,0,0,0,0
吐司男晨食專賣 (嘉義民生店),台式,不錯吃，但價格偏高，對食量較大的人，可能吃不飽，嚐鮮一次就好。,0,0,0,0,0,0
吐司男晨食專賣 (嘉義民生店),台式,"環境、廁所整潔乾淨，第一次來店員還有介紹餐點，店員態度親切，還可以linepay~很方便！
個人喜歡龍捲雞腿排，上面的的莎莎醬好吃👍，客人離桌還有確實消毒，會二訪的優良店家 …",0,0,0,0,0,0
吐司男晨食專賣 (嘉義民生店),台式,"餐點味道很好，喜歡吃吐司或漢堡的可以一訪
現點現做但不需久候
缺點是內用位置少，也比較不好坐",0,0,0,0,0,0
吐司男晨食專賣 (嘉義民生店),台式,雖然有些小貴，不過東西很好吃，值得這個價位！,0,0,0,0,0,0
吐司男晨食專賣 (嘉義民生店),台式,"民宿配合的早餐店家
開發線上點餐沒有甚麼不對
點個東西還要什麼加好友填電話才點餐 …",0,0,0,0,0,0
吐司男晨食專賣 (嘉義民生店),台式,雞腿排沒有熟，但是鮮奶茶是好喝的，可以做無糖～,0,0,0,0,0,0
吐司男晨食專賣 (嘉義民生店),台式,不錯吃，不過會膩，熱量爆吧！還好點無糖紅茶，吃完發現座位底下都有插座，很棒耶~,0,0,0,0,0,0
吐司男晨食專賣 (嘉義民生店),台式,"餐點算還可以，章魚燒豬排切成一小塊，吃起來很方便。
用餐環境蠻愉快",0,0,0,0,0,0
吐司男晨食專賣 (嘉義民生店),台式,吐司非常厚，口感鬆軟，內餡也好吃,0,0,0,0,0,0
吐司男晨食專賣 (嘉義民生店),台式,厚吐司做的三明治，還不錯吃，小貴,0,0,0,0,0,0
吐司男晨食專賣 (嘉義民生店),台式,"店員親切 餐點好吃
有機會會在光顧",0,0,0,0,0,0
吐司男晨食專賣 (嘉義民生店),台式,"終於來嚐鮮  現在有評論送雞塊的活動👍
店裡裝潢可愛❤️服務人員很優質熱情喔！ …",0,0,0,0,0,0
吐司男晨食專賣 (嘉義民生店),台式,"土司新吃法.....
不錯吃",0,0,0,0,0,0
壹等葉-臺灣牛肉麵（中央廣場店）,台式,紅燒牛腩麵& 三拼滷味都非常美味，用餐環境非常好。店家還有提供冰水&獨立包裝牙線供客人使用。,0,0,0,0,0,0
壹等葉-臺灣牛肉麵（中央廣場店）,台式,普通，牛肉蠻好吃的，可是麵跟牛肉的價值跟價錢沒有成正比，在嘉義這樣的地區真的太貴了，青菜也只有三片⋯,0,0,0,0,0,0
錦蓉越南美食,東南亞,"整體來說，口味是清淡的
味道一般",0,0,0,0,0,0
錦蓉越南美食,東南亞,河粉炒得很入味，有機會會再來,0,0,0,0,0,0
錦蓉越南美食,東南亞,味道不錯，老闆娘很親切,0,0,0,0,0,0
錦蓉越南美食,東南亞,"料多多,好吃，餐點多樣化，老闆很親切",0,0,0,0,0,0
錦蓉越南美食,東南亞,嘉義最好的越南料理店！口味佳，份量足,0,0,0,0,0,0
錦蓉越南美食,東南亞,口味很道地，CP值很高,0,0,0,0,0,0
鮮御快車小籠湯包,中式,跟另外一間比起來沒有那麼好喝，口味也不太夠。 香菇雞湯的雞肉沒很嫩，有點柴難咬，另外一間直接軟到入口即化，不誇張。,0,0,0,0,0,0
鮮御快車小籠湯包,中式,"湯頭鮮美！
用料實在！",0,0,0,0,0,0
養心園素食,素食,"水餃皮QQ的，辣油香辣好吃，
內用環境涼爽，沒有油煙味，
支援line pay",0,0,0,0,0,0
養心園素食,素食,"川味麻辣乾拌麵好吃，藥膳湯好喝~
環境也很優",0,0,0,0,0,0
養心園素食,素食,對不愛素料的我滿滿的菜很值得，份量很夠。,0,0,0,0,0,0
養心園素食,素食,全菜便當請老闆飯量減半， 菜看起來平凡樸實!但非常美味 調味十分厲害!尤其是菇和青椒炒素肉讓人驚豔!,0,0,0,0,0,0
養心園素食,素食,中午去吃，停車不太方便，素食不錯吃，,0,0,0,0,0,0
養心園素食,素食,非常認真且真摯的對待客人，食物又很好吃，環境也很整潔,0,0,0,0,0,0
養心園素食,素食,很好吃，平常就生意很好，真的是值得推薦的素食。本來以為可以內用了，後來到現場，發現只能外帶。,0,0,0,0,0,0
養心園素食,素食,紅燒麵道地好吃，涼拌香椿豆腐醬料香濃順口，燙高麗菜只用醬油膏，簡單又能提出青菜甜味，感覺溫馨的店。,0,0,0,0,0,0
養心園素食,素食,"川味麻辣乾拌麵 不錯吃 辣醬很讚
泰式東炎乾拌米線味道也不錯
只不過份量偏小",0,0,0,0,0,0
養心園素食,素食,很棒的素食餐館值的推薦,0,0,0,0,0,0
養心園素食,素食,"平價、好吃而且環境乾淨
來圓環附近可以來試試這家店",0,0,0,0,0,0
養心園素食,素食,好吃，服務也很好，停車不方便,0,0,0,0,0,0
燃 手串,小吃,"嘉義非常值得一試的精緻串燒店
肉品新鮮、調味得宜，
串燒的種類新穎有變化， …",0,0,0,0,0,0
燃 手串,小吃,"沒有預期但是吃到覺得很不錯～
（又忘記拍食物照了） …",0,0,0,0,0,0
燃 手串,小吃,"離文化路不遠
無停車場，建議騎機車前來
有提供免費雞湯
宵夜或飯後還想吃點東西的選擇。",0,0,0,0,0,0
燃 手串,小吃,"豬肉明太子玉子燒 豬肉芋泥 豬肉麻吉 櫛瓜 日本山藥 山藥細麵 牛肉剝皮辣椒 牛肉水蓮 四季豆 花枝 小卷 茶碗蒸 這些都必點 銅板價就能享受居酒屋🏮的串燒
限量雞湯隨你喝 濃醇香 真心熬出來的👍🏻
超高CP值 …",0,0,0,0,0,0
燃 手串,小吃,微鹹，中價位，但是不錯吃，還能接受,0,0,0,0,0,0
燃 手串,小吃,"串燒的價格稍高，但酒水價格卻還不錯，3L的啤酒柱550元，現打啤酒是Sapporo及Yebisu黑啤，第二杯半價很划算

附雞湯免費喝，可能無法做為吃正餐的選擇，但做為聊天喝酒的宵夜場所非常棒！",0,0,0,0,0,0
燃 手串,小吃,"簡易的日式裝潢，適合小酌及宵夜續攤！
炭火下去烤的串燒就是格外的香，在配上生啤酒一飲而盡就是爽快而已！串燒種類眾多，看到什麼都想點～每樣都很好吃～",0,0,0,0,0,0
燃 手串,小吃,"吃過好幾次，嘉義覺得很不錯的日式串燒店！但是海鮮不知道為何最近表現都不太好！像花枝這2次不是沒熟就是沒調味！
但是肉類表現都很好！喜歡的像是剝皮辣椒豬（當天售完）、蘋果牛、芋泥豬、松阪豬、洋蔥牛、節瓜、杏鮑菇⋯等等！有附免費雞湯，濃郁好喝",0,0,0,0,0,0
剛剛好麵舖,台式,"東西都超好吃的 擺盤出來感覺讓你在西餐廳 但其實cp值都超高的～
老闆都很親切 一定會二訪的店❤️",0,0,0,0,0,0
老爹韓式料理,韓式,經過感覺很好吃，人潮滿多的，宵夜有韓式料理可以吃還不錯。點了部隊鍋160元，可以說是百貨公司美食街的價位，心中很期待，但麵條竟然是一般科學麵還是王子麵的那種，而不是韓國泡麵...真的滿失望的，吃起來實在沒有美食街部隊鍋的水準，其他料也是普普通通。其他菜單的料理沒有點，就不評論了，單就部隊鍋而言是三顆星，價位高、CP值低,0,0,0,0,0,0
老爹韓式料理,韓式,"飯黏的有夠誇張，根本看不出來是飯粒像在吃麻糬一樣，煮爛了就算了還這樣外帶給我
豆腐辣湯喝起來也很水沒什麼味道，豆腐也只有兩小塊",0,0,0,0,0,0
老爹韓式料理,韓式,"收攤前加點一碗白飯老闆不收錢叫我要吃飽～
東西好吃老闆nice",0,0,0,0,0,0
老爹韓式料理,韓式,"10點才會開 東西都蠻好吃的
辣炒年糕很讚",0,0,0,0,0,0
四季食堂/古早味滷肉飯,台式,中規中矩，味道還可以。,0,0,0,0,0,0
巴甜蔬食家廚 (嘉義中正公園店),素食,餐點多樣，出餐快，但食材選用特別、在地，所以口味沒有很道地。,0,0,0,0,0,0
巴甜蔬食家廚 (嘉義中正公園店),素食,"種類很多、價格合理、份量蠻大的，而且是好吃的～尤其推薦炸餘和炸排！吃起來不會太油
咖哩味道蠻特別，不是日式不是印式也不太像台式⋯有一個中藥味（？但一個人吃一整份的話會比較膩一點",0,0,0,0,0,0
巴甜蔬食家廚 (嘉義中正公園店),素食,"餐點料多實在
元旦連假去的
生意很好  有稍微等了一下 …",0,0,0,0,0,0
巴甜蔬食家廚 (嘉義中正公園店),素食,"櫃台服務人員態度非常差，從進店開始就很不耐煩。
客人沒有理由要承受你的壞心情^_^",0,0,0,0,0,0
肉嘞燒肉健康丼,日式,"今天點了大胃王，炙燒魷魚，炸雞小鳥胃，
我覺得烤肉的精髓在醬，味道對了，一切都對了，
加上用碳烤，份量也不會讓你吃太撐，
搭配無限供應的味噌湯，很不錯的一餐",0,0,0,0,0,0
肉嘞燒肉健康丼,日式,飯嘞?看不到飯的丼飯🤣肉量給得很大方，飯是我喜歡的硬度，炸雞本身沒什麼味道，搭配店家特調淋醬，會比較加分，那次可能有一塊炸雞比較厚實，所以有點沒炸透，裡面有一點血絲，牛肉算嫩，最喜歡那顆塘心蛋煮得恰到好處。 …,0,0,0,0,0,0
肉嘞燒肉健康丼,日式,日式小店，份量十足，單點套餐皆可，餐點美味好吃，近文化路交通便利,0,0,0,0,0,0
肉嘞燒肉健康丼,日式,價格實惠好吃，份量也足夠！值得二度光臨的好店,0,0,0,0,0,0
肉嘞燒肉健康丼,日式,食物我覺得發揮的真的很好，份量也真的滿充足的，但服務人員可能是個小缺點，只是我覺得還是可以給予這間店5顆星,0,0,0,0,0,0
肉嘞燒肉健康丼,日式,"真的真的非常美味！
之前吃過熊貓外送～
一吃整個被驚艷到😁 …",0,0,0,0,0,0
肉嘞燒肉健康丼,日式,大推和牛的好好吃！飯粒粒分明，旁邊的配菜也都好吃～但唐揚雞偏乾吃起來還好,0,0,0,0,0,0
肉嘞燒肉健康丼,日式,路過被香氣吸引，外帶回家，肉誠意十足，品質可以，醬汁味道也不錯，值得再訪,0,0,0,0,0,0
丹鵬便當,台式,苦茶油雞便當好吃。值得購買。,0,0,0,0,0,0
丹鵬便當,台式,平價、美味又不油膩的便當店！喜歡吃它的香煎雞腿排😋 …,0,0,0,0,0,0
丹鵬便當,台式,餐點平價、美味又不油膩，又能外送很棒。,0,0,0,0,0,0
丹鵬便當,台式,CP值不高便當量太少,0,0,0,0,0,0
失眠燒烤,小吃,"環境不錯，位子很多，很多植栽
要照顧這樣的環境想必不容易
不過串燒拿到時冷了大半 …",0,0,0,0,0,0
失眠燒烤,小吃,"蠻喜歡室外的氛圍的，但2月底去還是還是蠻冷的，烤物很快就冷掉了，嚐起來也不是說到非常驚艷。
就是來聊聊天喝喝酒拍拍照，這環境要照顧不簡單啊～～
有貓貓有加分🫣 …",0,0,0,0,0,0
失眠燒烤,小吃,店員帥又熱情！餐食好吃😋環境漂亮氣氛也很好～很適合跟朋友來小酌啊😆😆 …,0,0,0,0,0,0
失眠燒烤,小吃,"用餐環境舒適放鬆，很適合拍照、吃點烤炸物、喝喝啤酒chill一晚再回家睡個好覺❤️

觀葉迷一定會喜歡❤️滿滿的觀葉植物❤️",0,0,0,0,0,0
失眠燒烤,小吃,生日來這聚餐、員工服務超好、吃的完美、喝的完美、價錢更優惠、還送招待。,0,0,0,0,0,0
失眠燒烤,小吃,"吃了會失眠
環境漂亮 所以給兩顆星 …",0,0,0,0,0,0
失眠燒烤,小吃,很有氣氛的地方，晚上跟好朋友來喝酒吃燒烤，很多酒精非酒精飲料可以選擇，附近停車也很方便👍 …,0,0,0,0,0,0
失眠燒烤,小吃,"環境不錯 ～
東西也好吃 👍
老闆人很親切 ～ …",0,0,0,0,0,0
失眠燒烤,小吃,店家態度非常好，環境好，配上燒烤跟酒就可以待上很久的地方！,0,0,0,0,0,0
失眠燒烤,小吃,"推用餐環境、營業時間、燒烤區的甜不辣（$30）、炸物區的雞米花（$80）。

適合聊天、氣氛愜意，雖然牛肉的品項有些烤完比較韌，但還是5顆星！很推薦大家來～",0,0,0,0,0,0
失眠燒烤,小吃,加班後來放鬆耍廢，服務人員帥又禮貌,0,0,0,0,0,0
失眠燒烤,小吃,"食物好吃
但去好幾次都撲空
營業時間寫到2:00 …",0,0,0,0,0,0
失眠燒烤,小吃,環境乾淨舒適 適合聊天 食物也好吃 價格不會太貴,0,0,0,0,0,0
失眠燒烤,小吃,環境優美，料好實在！,0,0,0,0,0,0
何首屋 (藥膳排骨),台式,簡餐類的套餐，主菜份量少的可憐，配菜也是寒酸到不行，加上何首烏排骨湯每份$120，這價格不算貴，然而排骨確是又柴又澀，湯也只是溫熱而已，高麗菜干、燙番薯葉、炒玉米幾乎成了標準配備，而且大部份的時候感受不到它們的溫度。 …,0,0,0,0,0,0
何首屋 (藥膳排骨),台式,"在寒風刺骨的冬天，喝一碗熱騰騰的排骨湯，瞬間身體都暖和起來了。
何首屋的藥燉排骨屬性溫補，四季皆可享用喔！
我家老大偏愛蔥爆牛肉，老二喜歡辣子雞丁，湯汁加在白飯上，可以連吃兩碗，小兒子最愛魯肉飯，每次放假回嘉必定去報到。當然東坡肉是必點的。
老闆娘及員工皆親切有禮，讓顧客在享用美食外，還有回家的感覺，尤其推薦老闆現炒的幾樣招牌菜，每次都吃撐了。🤣🤣 …",0,0,0,0,0,0
何首屋 (藥膳排骨),台式,非常讚的雞湯跟排骨湯 好吃好吃,0,0,0,0,0,0
何首屋 (藥膳排骨),台式,進去要先洗手 環境乾淨， 點了 何首烏套餐， 套餐附了 四菜 一碗排骨湯 ，四菜裡面沒有綠色的菜 還好我們有點 燙青菜 ，另外還點了 豬腳麵線， 麵線很乾 ，還好有 排骨湯 ，加在裡面 還不錯，,0,0,0,0,0,0
何首屋 (藥膳排骨),台式,好吃的藥燉排骨 飯類也很好吃,0,0,0,0,0,0
売LO-SO小餐館,歐美,"這間雖然價格蠻高但真的很好吃！
推薦正餐大於早午餐盤，個人覺得cp值比較高。
🌟歐式米蘭香煎雞腿 300 …",0,0,0,0,0,0
売LO-SO小餐館,歐美,非常推薦的小店ʕ •ᴥ•ʔ週五晚間到訪，店內座位不多屬於小空間，剩窗台的位子可以坐，點了一份〔主廚香蒜嫩肩牛〕279元：有綜合蔬果沙拉，芭樂滿甜的、薯塊外酥內軟好吃😋、雜糧吐司麵包清甜果香味、香氣十足的炒蛋、還有入口即化的軟牛肉！！超級好吃！！，額外加價119升級套餐有〔主廚每日特製濃湯〕：蕈菇味濃厚、〔雪蓋金萱〕：為加購奶蓋，綿密濃郁的起司加上清爽的金萱超讚！、有另外加點〔松露風味薯塊〕99元:松露份量清晰可見，味道豐富與薯塊混搭的整體口感很特別！ …,0,0,0,0,0,0
売LO-SO小餐館,歐美,"⭐️網路評論慕名而來，服務態度很好，免服務費，員工人手較少，需要先預約，才不用備位😊

⭐️價格很平價，這次選擇主廚香蒜嫩煎牛，拼盤種類很多樣，蔬果多樣， …",0,0,0,0,0,0
売LO-SO小餐館,歐美,餐點真的很用心準備！而且超好吃！特別說泰式檸檬魚沒有刺，真的太棒啦🥰 順便謝謝老闆的貼心！ …,0,0,0,0,0,0
売LO-SO小餐館,歐美,"空間環境寬敞舒服，餐點快速。
薄荷雞非常特別 值得推薦👍 …",0,0,0,0,0,0
売LO-SO小餐館,歐美,非常好吃，尤其嫩煎牛與松露薯塊特別驚艷,0,0,0,0,0,0
売LO-SO小餐館,歐美,"餐點真的很好吃👍
而且當日壽星有贈送松阪豬或牛肉炒時蔬
雖然是送的，但是份量有誠意😍而且好吃
不枉費我們特地從台南上去吃🤣讚喔 …",0,0,0,0,0,0
売LO-SO小餐館,歐美,"食材很新鮮！雖然不知為何無法上傳照片
我點綠咖喱松阪豬，味道很讚又開胃 沾吐司很好吃！
第一次來不知道吃什麼可以點這個！",0,0,0,0,0,0
売LO-SO小餐館,歐美,"超級好吃😋我是在熊貓外送認識這間的
納入口袋名單🥰太喜歡了
看到評論推柚子茶，真的很好喝欸💕
也很解膩😍 …",0,0,0,0,0,0
売LO-SO小餐館,歐美,出差意外發現的好店，用餐環境乾淨，紅酒燉牛肉濃郁且入口即化，服務也很親切，期待下次來訪~,0,0,0,0,0,0
売LO-SO小餐館,歐美,好吃！料多實在、環境舒適整潔，整體感覺很舒服~,0,0,0,0,0,0
売LO-SO小餐館,歐美,餐點品質不錯，但椅子有點不ok，椅腳過軟，身體稍有移動椅面也會移動，不大安心！,0,0,0,0,0,0
売LO-SO小餐館,歐美,熊貓叫干貝明太子義大利麵 好吃！,0,0,0,0,0,0
熊富手打烏龍麵,日式,好吃，突然下起暴雨才走進去，沒想到居然賺到，手打麵的口感很Q彈，咖哩也很美味～～服務小姐姐很親切～～真的真的很推👍 …,0,0,0,0,0,0
熊富手打烏龍麵,日式,主打傳統日本製作方式，每日現做手工烏龍麵，二樓用餐環境舒服，寬敞，谷歌評論送飲料,0,0,0,0,0,0
熊富手打烏龍麵,日式,"海鮮上湯烏龍麵.湯頭甘甜麵Q好吃..可以.
黃金上湯烏龍麵..爽口不油膩.也是可以的.",0,0,0,0,0,0
熊富手打烏龍麵,日式,第一次吃到黑色烏龍麪很Q，涼拌海帶芽好吃，炸雞腿很大又很厚,0,0,0,0,0,0
熊富手打烏龍麵,日式,"剛好遇到店員發傳單
去嚐鮮看看
傳單價格跟結帳價格每一樣大概差9-17塊 …",0,0,0,0,0,0
熊富手打烏龍麵,日式,"海鮮濃郁湯頭很道地，但鹽分濃度偏高，不適合小朋友，很適合大人吃
一般手打烏龍麵，湯頭是柴魚高湯，好喝😋小
朋友很愛 …",0,0,0,0,0,0
熊富手打烏龍麵,日式,份量足，價格實惠，個人覺得烏龍麵夠軟，但可以再Q點，炸豬排也不錯,0,0,0,0,0,0
黃記鹹酥雞,小吃,好吃不貴，本地人的店。,0,0,0,0,0,0
黃記鹹酥雞,小吃,東西好吃，老闆服務親切，CP值超高,0,0,0,0,0,0
黃記鹹酥雞,小吃,推薦三角骨，醃漬入味，香酥好味道！,0,0,0,0,0,0
黃記鹹酥雞,小吃,CP值高 食材新鮮 老闆人很親切,0,0,0,0,0,0
韓宵,韓式,"IG: bear_eat_seal
更多美食分享歡迎追蹤☺ …",0,0,0,0,0,0
韓宵,韓式,餐點好吃，是會再次消費的店，但是有個小小建議，希望店員手部可以保持乾淨，端菜時看到髒污的手指心裡不太舒服,0,0,0,0,0,0
韓宵,韓式,開很晚，是嘉義宵夜的好選擇！份量足夠，價位親民，煎餅、辣炒五花肉好吃！麥茶無限提供！,0,0,0,0,0,0
韓宵,韓式,"主打宵夜 給晚下班的人 一個好地方

餐點價錢尚可 …",0,0,0,0,0,0
韓宵,韓式,"石板烤肉不二店
豬五花超好吃，人參雞超級香
小菜蘿蔔解消暑
服務也很親切，下次再來",0,0,0,0,0,0
嘉農人香雞排,小吃,"超級好吃沒話說，本來不愛炸物，但現在一個禮拜至少吃一次，回不去了。建議先打電話預訂喔❤️

6/30已經第二次，老闆娘我的雞排不要切！不要切！不要切🥲🥲 …",0,0,0,0,0,0
葉記牛肉館 (嘉義文化店),台式,第一次外帶半筋半肉牛肉麵回家就覺得蠻好吃的，肉很大塊又實在，今天中午再次前往店裡品嚐紅燒牛，麵很大一碗，肉有比較小塊，但是還是份量很夠，最後還剩一些湯，想說如果食量大的男生可再加點一碗白飯，變成牛肉湯泡飯也不錯。,0,0,0,0,0,0
葉記牛肉館 (嘉義文化店),台式,湯頭完全沒油香氣變不足，麵略少，晚上賣的文化路葉記味道會比較好吃,0,0,0,0,0,0
葉記牛肉館 (嘉義文化店),台式,"葉記牛肉麵

這一碗麵吃起清香甘甜，屬於紅燒的做法，但口味不會很重，這是老闆在桌上的自述""性平味甘""。 …",0,0,0,0,0,0
葉記牛肉館 (嘉義文化店),台式,"清燉的湯頭好
紅燒也好吃 但是沒清燉那麼驚艷",0,0,0,0,0,0
葉記牛肉館 (嘉義文化店),台式,好吃的牛肉麵  湯頭好喝  牛肉也很大塊,0,0,0,0,0,0
葉記牛肉館 (嘉義文化店),台式,不難吃，肉偏柴點，探險完畢！,0,0,0,0,0,0
葉記牛肉館 (嘉義文化店),台式,本產牛肉，肉大塊，軟嫩好吃，加辣椒很夠味。有冷氣,0,0,0,0,0,0
葉記牛肉館 (嘉義文化店),台式,"第一次去吃牛肉還蠻嫩的
但第二次大失所望
肉非常乾柴",0,0,0,0,0,0
葉記牛肉館 (嘉義文化店),台式,"晚上路過文化夜市，看到很多人在排隊。
覺得這個味道應該會很不錯，所以一次就買了三碗。個人覺得這麼多人吃的，應該會很好吃。
吃起來結果。 …",0,0,0,0,0,0
葉記牛肉館 (嘉義文化店),台式,商家服務態度很好，店內商品符合價格，食物特別喜愛,0,0,0,0,0,0
葉記牛肉館 (嘉義文化店),台式,嘉義市在地的牛肉麵專賣店，使用本土牛肉製作，湯頭鮮甜。,0,0,0,0,0,0
樸素齋坊 (嘉義林森店),素食,自助餐其實最重要就是要熱，吃起來口感就會好吃，但是昨天夾的菜偏冷，扣分。價位還可以，昨天夾的豆包新鮮有點問題，反應店家立即積極處理感覺收到重視，加分。希望改善之,0,0,0,0,0,0
樸素齋坊 (嘉義林森店),素食,平價素食，菜色種類多，環境乾淨衛生，白飯，胚芽米飯、地瓜粥吃到飽，也提供紅茶及熱湯，真的很實在。,0,0,0,0,0,0
樸素齋坊 (嘉義林森店),素食,"價格微高，但是菜色、口味、氣氛都屬中上
另有糙米、白飯、地瓜粥、湯飲１０元無限享用
不錯～",0,0,0,0,0,0
樸素齋坊 (嘉義林森店),素食,"在店內點了麻婆豆腐烏龍麵和綜和滷味, 選擇非常多樣, CP值很高, 非常推薦無論葷素食朋友來享用",0,0,0,0,0,0
樸素齋坊 (嘉義林森店),素食,對“檜意森活村”裏面的餐吃不慣的人，這裏是最好的選擇，乾淨便宜、素食菜色種類繁多，環境也不錯。,0,0,0,0,0,0
樸素齋坊 (嘉義林森店),素食,內用飯湯飲料無限制，但吃素八分飽剛剛好！,0,0,0,0,0,0
樸素齋坊 (嘉義林森店),素食,菜色選擇很多，用秤重的方式，要夾幾道菜很自由。內用加10元就可以白飯、胚芽飯、稀飯、湯跟紅茶吃到飽，每天來吃也不會膩喔！,0,0,0,0,0,0
樸素齋坊 (嘉義林森店),素食,價格偏貴，當夾完菜結帳時 ，腦袋浮出 ，七十塊雞腿便當更勝一籌，之後不再去。初次體會到菜比肉貴，讓我更加惜福有肉吃得飽。,0,0,0,0,0,0
樸素齋坊 (嘉義林森店),素食,跟大草包是同一家店，菜色多且清淡，價位不貴,0,0,0,0,0,0
樸素齋坊 (嘉義林森店),素食,20222-01-02週日一群人（約30人）到此用午餐，店家的菜色很棒也很開胃，真的是嘉義的素食名店之一。,0,0,0,0,0,0
樸素齋坊 (嘉義林森店),素食,因為位於市區內，當然停車會是相對比較辛苦滴咯，但是菜式多樣且調理功夫不差，算是已經有基本功底且店面乾淨有序的方便選擇啦，但是服務的相關細節『須趕緊提升』，可能是我看到此間素食自助餐廳的最大盲點咯！,0,0,0,0,0,0
樸素齋坊 (嘉義林森店),素食,"菜色豐富，還不錯！
不好停車，可停車的地方有點距離。",0,0,0,0,0,0
樸素齋坊 (嘉義林森店),素食,菜色很多，以秤重計價，價位中上，選擇較多；飯類有稀飯、白飯、五穀飯，每人飯類收10元，飯量多的人的好選擇，有免費清湯，如果有吃蛋的人，也有供應。,0,0,0,0,0,0
樸素齋坊 (嘉義林森店),素食,用餐環境不錯，臨近檜意森活村，是素食自助餐類型，選擇性非常多，每一樣看起來都很好吃，很想每一樣都試試看，與嘉義草行居是同一個老闆，只是經營路線不同，一個偏向自助餐類型，一個偏向素食吃到飽，不過，嘉義草行居也是可以包便當啦！店內用餐則都是吃到飽的，如果你純粹想吃自助餐的話，比較建議到樸素齋坊，畢竟兩個經營類型不同，方向不同，準備也不同，這裡的菜色多樣，選擇性很多，光看著菜色，就讓人食指大動，垂涎三尺了。,0,0,0,0,0,0
樸素齋坊 (嘉義林森店),素食,菜色很多，很多種蔬菜可以選擇，也有素料做的料理，秤重價格算是OK的；也可以另外點羹、粽子、麵線這類的美食，之前另外點了當歸湯來喝，還不錯！另外，內用一人10元可以白飯、胚芽飯、番薯粥吃到飽。,0,0,0,0,0,0
樸素齋坊 (嘉義林森店),素食,以純素自助餐廳的規模而言，在嘉義算是龍頭了吧。用餐區非常寛敞，環境整潔衛生，摒除一般自助餐廳，擁擠、油膩、髒汚的刻板印象。白飯、五穀米飯、地瓜粥。菜色多達50種，而且色、香、味俱全，沒有令人受不了的素味，相反的不覺得在吃素，全賴師傅的料理功力。少給一顆星，是因為較貴。菜夾一夾秤一下都近百元。,0,0,0,0,0,0
樸素齋坊 (嘉義林森店),素食,蔬食好吃，菜色多樣，白飯或是粥可以無限，平常若吃葷的人，偶爾吃素是個很好的選擇,0,0,0,0,0,0
樸素齋坊 (嘉義林森店),素食,素食料理，普羅大衆，可以接受的價位，食材新鮮，菜錢40起，再加飯錢10元可吃到飽 ，經濟實惠。,0,0,0,0,0,0
樸素齋坊 (嘉義林森店),素食,口味偏重 價錢偏中高價位 每次吃都破百 但還不錯吃,0,0,0,0,0,0
串亦燒日式串燒 (嘉義保安店),日式,來客數很多，現場有看到Live 的舞台，不過當天沒有表演，炒麵2盤，小孩都愛吃，完食，每人一份茶碗蒸，都說好吃，串燒有點牛肉跟雞肉和豚（豬）肉，烤都不錯，好吃，但發覺每道餐點都有點冷，份量滿小的，連味增湯也是，現場有看到禁菸指示，但還是一堆菸槍在吞雲吐霧，餐廳用餐環境是有點半露天，不見店家勸阻，每道菜都挾雜著煙味。,0,0,0,0,0,0
串亦燒日式串燒 (嘉義保安店),日式,"整體味道還不錯，價格也很親民，
燒烤真的好吃😋
味道剛剛好。 …",0,0,0,0,0,0
串亦燒日式串燒 (嘉義保安店),日式,"肥腸 死鹹 又硬(今日最慘)
炒麵太膩了
炒烏龍 太油了 香氣不足 …",0,0,0,0,0,0
四信豆奶攤,台式,"超級好吃
奶茶
蛋餅 …",0,0,0,0,0,0
Louisa 路易莎 (嘉義中山圓環店),歐美,“建議若要內用點餐前先上樓找位置，平日晚上或假日二樓人較多，新品生耶拿鐵系列口感特別，可以嚐鮮”,0,0,0,0,0,0
Louisa 路易莎 (嘉義中山圓環店),歐美,如果想要「安靜」讀書的話，可以考慮文化圖書館，不太建議這，因有些客人講話聲音頗大。,0,0,0,0,0,0
Louisa 路易莎 (嘉義中山圓環店),歐美,二樓被學生佔滿，簡直圖書館，卡位情況也有發生,0,0,0,0,0,0
Louisa 路易莎 (嘉義中山圓環店),歐美,飲料平價，紅蜜鮮奶茶好喝，有孕婦也能喝的飲料，適合三五好友打屁放空的地方,0,0,0,0,0,0
Louisa 路易莎 (嘉義中山圓環店),歐美,"小農系列好喝,座位數很多,但是學生很多會很吵
適合聊天的店家",0,0,0,0,0,0
純情專売所-純情雞蛋糕,甜點,"▫️起士雞蛋燒
半熟的雞蛋真的太誘人了，起司的份量不多，但是有畫龍點睛的功用！巧妙的把蛋跟雞蛋糕的手牽起來，半熟蛋的蛋香跟雞蛋糕的蛋香融和在一起，接著是雞蛋糕麵糊甜甜的香氣，吃起來很療癒。 …",0,0,0,0,0,0
純情專売所-純情雞蛋糕,甜點,"特地為此來趟三次，終於吃到了！！
老闆跟店員都服務超好～
現在美英提供內用，不過可以拍照唷～～ …",0,0,0,0,0,0
純情專売所-純情雞蛋糕,甜點,在文化路夜市的超人氣雞蛋糕，建議電話預訂，老闆會告知取餐時間，到了再去拿就好，這種模式很不錯，不用在現場乾等。這次都只有點包餡的口味，不過整體吃下來，感覺沒包餡的可能會最好吃耶。 …,0,0,0,0,0,0
純情專売所-純情雞蛋糕,甜點,"奶酥太令人驚豔了
卡士達第一口覺得還好 後來越吃越上癮啊～～
果然是很純的雞蛋糕
每種口味都值得一試",0,0,0,0,0,0
冠壽司日本料理,日式,"炸物(揚物)非常推薦
可樂餅咖哩味很香，表皮又酥脆!",0,0,0,0,0,0
冠壽司日本料理,日式,餐點精緻但份量不多，很可惜生魚片沒有白蘿蔔絲，CP值普普。,0,0,0,0,0,0
冠壽司日本料理,日式,烤下巴新鮮好吃，生菜沙拉爽口，基本的白飯也不馬虎。,0,0,0,0,0,0
冠壽司日本料理,日式,在用餐的尖峰時間去，但大部分的餐點已經不供應，建議在顧客一開始點餐時就先說明，才不會來來回回修改，另外餐點的份量偏少，整體CP值低，服務感受不佳，不會回顧,0,0,0,0,0,0
冠壽司日本料理,日式,叫過一次丼飯就不會想在叫了，不好吃分量超級少。,0,0,0,0,0,0
冠壽司日本料理,日式,好吃的日本料理，來嘉義都會吃，從攤販吃到店面，快十年囉,0,0,0,0,0,0
馮記廣式美食館,港式,價錢便宜 份量不多 叉燒香香甜甜的 很嫩很好吃 很推薦 海南雞飯 雞肉很嫩不乾 調味也不錯 有微微一些腥味 不過還是不錯吃 配菜的調味也都不錯 不會過油 還有附蒸地瓜 建議打電話過去預訂 要等蠻久的,0,0,0,0,0,0
馮記廣式美食館,港式,"有麵類、飯類、湯類、單點、小菜…等，
後面有標示招牌、推薦，
第一次去可以選。
最喜歡香滷小排飯~",0,0,0,0,0,0
馮記廣式美食館,港式,"新開幕的店
第1次光臨
好吃！",0,0,0,0,0,0
馮記廣式美食館,港式,"點了廣式雲吞麵（湯）。
雲吞皮厚肉又多，湯的味道很香很特別，麵比較沒有味道，沒加鹽的麵條的感覺。
店裡乾淨明亮，桌子旁的條碼都可以填回饋給店家。",0,0,0,0,0,0
脆皮地瓜球,小吃,好吃 不會厚粉 也不會甜死  20元一包的份量有夠大方。,0,0,0,0,0,0
來道好食雞 (嘉義西區店),台式,雞湯麵美味 炸雞好吃 店員服務態度良好,0,0,0,0,0,0
來道好食雞 (嘉義西區店),台式,湯頭清甜好喝，口味也調味得宜，份量男生也吃得飽，價位算是平價，整體還不錯的一間店，生意很好建議訂位，有機會下次還會再來。,0,0,0,0,0,0
來道好食雞 (嘉義西區店),台式,雞湯麵超暖味，食物好吃以外，當我覺得冷抬頭找出風口時，店員會留意到並且主動詢問，超級貼心！著重服務細節的店家值得推,0,0,0,0,0,0
來道好食雞 (嘉義西區店),台式,我這次是點苦瓜雞鍋~湯頭很鮮甜好吃，且料很多很滿，裡頭還有加冬粉，更是吸飽了精華，吃起來特別舒服，喜歡！！,0,0,0,0,0,0
來道好食雞 (嘉義西區店),台式,"UberEats 送錯餐點，原本要叫乾拌麵，卻送來了黃燜雞......
原本不抱什麼期望，結果黃燜雞意外的非常好吃！！！ …",0,0,0,0,0,0
稻荷壽司專賣(中山店),日式,"嚐鮮日：112/4/2
外帶在車上吃，忘了拍照
松壽司、大蝦壽司、金槍烏賊 …",0,0,0,0,0,0
稻荷壽司專賣(中山店),日式,"鮭魚生魚片，滑嫩順口，很滿意
梅壽司裡面有豆皮壽司、花壽司、紫菜壽司、細卷壽司，很豐富也很漂亮，不過吃完後，有點小失望，沒有什麼特別，米飯淡淡的酸，不夠清爽也不Q",0,0,0,0,0,0
稻荷壽司專賣(中山店),日式,"差不多是便利超商口感，或是比超商好一一一點點。
兩個人點兩盒，吃了一小時，還在努力要吃完。",0,0,0,0,0,0
菜桃滷味,小吃,"鴨血很嫩好吃，很少見的蘿蔔糕浸泡湯汁後別具風味，大腸肥嫩，
老闆娘態度很讚！很不錯的滷味店",0,0,0,0,0,0
菜桃滷味,小吃,很好吃，味道不會太重，已經來吃好幾次了。,0,0,0,0,0,0
好捧友的家 VS 老漢方藥膳排骨,台式,"5星推薦。超級讚,善的循環",0,0,0,0,0,0
飯丸厝,日式,好欸超讚起司片 老闆很親切,0,0,0,0,0,0
Mr.Night古巴三明治(嘉義店),歐美,很邪惡的宵夜，好好吃的古巴三明治😋 …,0,0,0,0,0,0
小陳捲餅,小吃,"捲餅沒有任何特別…

香蕉巧克力是整根的香蕉，雖然很阿莎力，但有點期待是切片的然後能與巧克力融合美味 …",0,0,0,0,0,0
小陳捲餅,小吃,洋蔥很甜，餅皮是比較厚實的那種,0,0,0,0,0,0
文化路狀元糕,甜點,"古早味點心
拿到時熱的好吃，冷了也不錯有著另一種口感
餡料甜度適中，有花生/芝麻口味可選擇",0,0,0,0,0,0
文化路狀元糕,甜點,冷冷的也好好吃👍🏻 …,0,0,0,0,0,0
定食99,日式,東西現炸好吃，服務人員也很親切，整頓飯吃下來很舒適愜意,0,0,0,0,0,0
定食99,日式,"餐點少，價格貴😢
食物好鹹😅
跟第一次來的時候差很多…… …",0,0,0,0,0,0
食雞成熟（宮廷雞湯麵、火鍋、咖哩、鹽水雞),異國,來嘉義參加活動，誤打誤撞來到了食雞成熟，點了印度咖哩雞丁、匈牙利番茄牛肉飯、舒肥胸佐香料伴飯，、肉骨茶雞湯、加上烤餅，每道都好美味，泡菜還是老闆娘加上當季水果親自醃製的，清爽可口，值得來品嚐唷,0,0,0,0,0,0
食雞成熟（宮廷雞湯麵、火鍋、咖哩、鹽水雞),異國,飯量適中，氣氛不錯，送餐速度快,0,0,0,0,0,0
食雞成熟（宮廷雞湯麵、火鍋、咖哩、鹽水雞),異國,食物好吃 擺盤好看 服務也很周到 環境不錯,0,0,0,0,0,0
麻辣風暴 (嘉義興達店),小吃,"店員服務親切，食材新鮮°
建議現場排隊",0,0,0,0,0,0
sleep in sandwich &cafe,台式,他們有 Dark Matter 咖啡，鎮上最好的咖啡！這個地方看起來很棒，非常適合閒逛。,0,0,0,0,0,0
sleep in sandwich &cafe,台式,每個人都非常友好和樂於助人。我吃的早餐肉餡捲餅（雞蛋和香腸）非常棒。,0,0,0,0,0,0
sleep in sandwich &cafe,台式,最好的咖啡和優質的服務。,0,0,0,0,0,0
sleep in sandwich &cafe,台式,咖啡總是恰到好處！無論我在這裡點了什麼，咖啡都沒有燒焦的味道，而且總是在合適的溫度下供應。友好的服務。拿走就走的好位置。,0,0,0,0,0,0
隱燃燒肉丼食堂,日式,不愧是在地人的隱藏版美食，已過吃飯時間整間店還是滿滿的人潮，幸好等一下就有位子！第一次吃到這麼高嘻皮值的丼飯，大家都吃的非常滿足😄😄😄 …,0,0,0,0,0,0
吳記排骨酥 (嘉義文化店),小吃,"非常好吃 之前每週都吃
不過近兩次吃 覺得水準有下降
肉的筋變很多 不像以前一咬就骨肉分離",0,0,0,0,0,0
吳記排骨酥 (嘉義文化店),小吃,文化夜市隔壁巷弄的排隊美食，味道香，有點油但吃起來不膩，很適合先買一份小份後拿著逛夜市，可惜是骨頭有點多，吃起來不太爽感,0,0,0,0,0,0
吳記排骨酥 (嘉義文化店),小吃,看到許多人在排隊，買個小份吃看看，果然還不錯吃味道不錯。,0,0,0,0,0,0
吳記排骨酥 (嘉義文化店),小吃,很香很好吃！但生意很好，連平日都需要排隊🥸 …,0,0,0,0,0,0
韓國館,韓式,挑嘴朋友的愛店，第一次韓式涼麵很驚艷！照片是打卡送的。,0,0,0,0,0,0
韓國館,韓式,"從小吃到大了 熟悉的口味🤣
推薦海鮮煎餅、豬場辣豆腐湯
還有石鍋拌飯一定要加起司🤤 …",0,0,0,0,0,0
魔王傳統雞排 (嘉義公明店),小吃,"雞排多汁
辣粉超好吃
服務態度又好",0,0,0,0,0,0
名香越式美食,東南亞,"老闆娘很親切
態度很棒
食物也很好吃 …",0,0,0,0,0,0
天堂手作地瓜球 (嘉義文化店),甜點,好吃😋特別！嘉義文化路夜市老闆又很貼心介紹！ …,0,0,0,0,0,0
天堂手作地瓜球 (嘉義文化店),甜點,賀甲賀甲，不同顏色確實不同口味，沒有加色素，讚,0,0,0,0,0,0
小口品咖啡甜點,甜點,"嘉義 最有人情味最有溫度的咖啡廳 非 小口品s莫屬🥲🥲🥲
老闆娘 因為內用沒有位置怕我們冷到 提供 我們在室內等待  ，後來等到位置後快速幫我們 整理提供我們座位之外，細心介紹 確認 我們想喝的飲品 ，柴燒的黑糖拿鐵之外、草莓香氣四溢的淺培豆搭配牛奶 ，令友人大讚！ …",0,0,0,0,0,0
小口品咖啡甜點,甜點,"小小的店裏是暖色調
南南里咖啡的甜就是闆娘會給你的感覺～很用心招呼每一位客人",0,0,0,0,0,0
小口品咖啡甜點,甜點,店內氣氛很喜歡，店長人很好服務很棒，咖啡很有特色，是會想再三光顧的店家。,0,0,0,0,0,0
小口品咖啡甜點,甜點,"小口品s的西西檸檬咖啡是我在嘉義喝到最好喝的之一！
喜歡西西里咖啡的同好可別錯過",0,0,0,0,0,0
小口品咖啡甜點,甜點,"一家有溫度的咖啡店。原本是用攤車推著賣的咖啡。現在有店面可以坐啦。
經營很久很用心的咖啡。",0,0,0,0,0,0
小口品咖啡甜點,甜點,對RK來說，每當在一個陌生的城市工作幾天，每天就像是展開一場獨一無二的小旅行，在巷弄中發現質感小店、探索當地文化特色、品嚐在地美食。 …,0,0,0,0,0,0
小口品咖啡甜點,甜點,失憶時喝一杯微醺拿鐵，反正喝了不會醉～炎熱時再喝一杯檸檬咖啡，給你一杯透心涼，還讓你換來元氣滿滿。,0,0,0,0,0,0
小口品咖啡甜點,甜點,"空間不大，但氣氛非常舒適、溫馨
今天原本想點艷夏花荔，但已經沒了，可惜
後來經老闆娘推薦點了一杯托布希 …",0,0,0,0,0,0
小口品咖啡甜點,甜點,"補充熱量☕️

看到品字都會進來一下欸🤣 …",0,0,0,0,0,0
小口品咖啡甜點,甜點,"店員會很詳細的介紹今天的單品豆有什麼，同時也會推薦最佳的賞味方式，店內的氛圍也超棒！適合一待就整個下午的傭懶時光！
今天有幸能吃到剛誕生的檸檬塔，手拿著吃或使用叉子優雅吃的，抹醬單吃很棒，配著塔吃，則可以讓不是那麼喜歡檸檬的人也能輕易喜歡上的味道！很喜歡檸檬的你會更喜歡這味道！ …",0,0,0,0,0,0
小口品咖啡甜點,甜點,"路過進來休息一下
老闆看到我們坐得有點擠
還很貼心幫忙喬位置
推推微醺咖啡",0,0,0,0,0,0
古早味夯蕃麥,小吃,"很久沒吃到古早味炭火慢燒燒番麥，醬汁道地入味，玉米粒粒鮮甜，吃完一支後又回購了五支 🤤
價格很合理，一支$50-65 …",0,0,0,0,0,0
畢卡索PICASSO'S PIZZA,歐美,東西好吃 不過一個禮拜只營業一天 真可惜👍 …,0,0,0,0,0,0
畢卡索PICASSO'S PIZZA,歐美,很棒的披薩，很好的環境，很好的服務,0,0,0,0,0,0
左阜右邑 (嘉義新生店),台式,"食材新鮮，會員折扣很優惠
停車也很方便，附設停車場
餐廳明亮，氣氛很舒服 …",0,0,0,0,0,0
左阜右邑 (嘉義新生店),台式,陶板牛雪花上菜後需要自助煮熟食材，很有趣，但是味道實在太鹹；其他小菜味道不會太重還不錯，整體而言3.8/5,0,0,0,0,0,0
左阜右邑 (嘉義新生店),台式,聚餐活動～北海道霜降牛肉,0,0,0,0,0,0
左阜右邑 (嘉義新生店),台式,"炸物種類佔菜單比例高 不過不錯吃 最推唐揚雞 薯條容易軟
跟咖啡店比起來飲料cp值也算高
義大利麵麵條個人不太喜歡 附餐甜點太甜",0,0,0,0,0,0
左阜右邑 (嘉義新生店),台式,服務人員讚，餐點好吃,0,0,0,0,0,0
郭家火雞肉飯 (嘉義仁愛店),台式,"個人喜歡這家大於文化路上的郭家
用餐環境、服務態度都大勝
米飯粒粒分明 …",0,0,0,0,0,0
郭家火雞肉飯 (嘉義仁愛店),台式,"外帶雞肉飯的配菜是高麗菜，口感清脆
飯淋了醬汁後整體偏濕，味道偏甜",0,0,0,0,0,0
桃城雞排(中正創始店),小吃,"滿$200外送，21：30訂 等待約30分鐘
桃城雞排：傳統的雞排，份量普通，口味不錯肉紮實
豆干：外皮略乾，內裡咬下去出汁 …",0,0,0,0,0,0
桃城雞排(中正創始店),小吃,"感覺一般般。
外皮裹粉太多，皮是很酥脆，但是太厚，各部分的炸雞不會很小隻，肉質還可以，價錢滿實惠的。
只是個人口味，覺得不是我愛的類型。",0,0,0,0,0,0
桃城雞排(中正創始店),小吃,"可以用APP點餐，APP還會提醒餐點已經要準備好，可以過去取餐了，真的好方便！
這個霸氣的餐點是招牌「桃樂雞」，口感酥脆，肉質鮮嫩，另外有三種醬料可以選擇。",0,0,0,0,0,0
老乾杯 (嘉義耐斯王子店),日式,菜色豐富，專人服務，還有許多酒類可選。,0,0,0,0,0,0
阿榮師啤酒鴨 (嘉義中正店),台式,被安排在包廂的位置裝潢很舒適，餐點也不錯，服務態度優，啤酒鴨很驚艷沒吃過的好味道,0,0,0,0,0,0
阿榮師啤酒鴨 (嘉義中正店),台式,之前每次來嘉義都吃那幾樣，終於有點不一樣了，初嚐啤酒鴨，滿特別的，味道有記憶點，以前主要是新北平餐廳的其中之一招牌菜，很多嘉義人都吃過，如今現在的中正門市算是老菜新吃法，推出單人獨享的啤酒鴨，內用座位舒適，平時用餐時間外帶的人不少，剛開幕不久生意就超好。 …,0,0,0,0,0,0
阿榮師啤酒鴨 (嘉義中正店),台式,"鴨肉捲餅好吃 只是有點太貴，
鴨肉湯頭胡椒味道偏重 還不錯
可惜鴨肉偏柴。 …",0,0,0,0,0,0
喵嗚屋,小吃,調酒師都超健談 而且調的味道真的比其他間特別 也好喝！,0,0,0,0,0,0
一甲子傳統豆花 (嘉義中正店),甜點,"新鮮美味的在地豆花👍👍👍
整碗吃光光 …",0,0,0,0,0,0
澄香居蔬食滷味,素食,"老闆娘的辣椒很夠味，推薦給愛吃辣的朋友們
滷味好吃😋 …",0,0,0,0,0,0
波里手作早午餐,歐美,"餐點用心美味
廚房跟用餐區有所區隔，較沒有油煙味
是舒服的用餐體驗
員工也很親切",0,0,0,0,0,0
小飛象早午餐,台式,第一次帶小女兒前往用餐，餐點好吃，小女兒吃得很開心。老闆人也超客氣。是很有溫度的早餐店喔,0,0,0,0,0,0
小飛象早午餐,台式,"漢堡很不錯
老闆跟闆娘很親切
非常多小飛象公仔 童趣十足 …",0,0,0,0,0,0
四海脆皮臭豆腐,小吃,"特別跟老闆說幫我炸酥一點
上來的臭豆腐超酥脆完全沒有失望
粿也很好吃，是傳統的那種口味
是一家偶爾會想到專門跑來吃的店XD",0,0,0,0,0,0
四海脆皮臭豆腐,小吃,"用熊貓外送,外酥內嫩,很好吃👍會常常來訂購,推薦推薦,豆腐很新鮮還能聞到黃豆的香味 …",0,0,0,0,0,0
峇曼滷製所,小吃,"服務親切，價格合理，可口美味，環境衛生舒適。
很有人情味❤️",0,0,0,0,0,0
峇曼滷製所,小吃,最喜歡有很多小菜的店家，有滷味還有關東煮，豬腳也很好吃👍 …,0,0,0,0,0,0
初八麵食堂,日式,店內很乾淨 服務生態度親切 適合一家子口的用餐環境 餐點大家都很喜歡,0,0,0,0,0,0
卡早起晨,歐美,香煉螺絲捲 外酥內軟 超好吃的，里肌肉刈包竟有2片肉片 cp值高得推薦 ，下次還要再去吃,0,0,0,0,0,0
卡早起晨,歐美,我點的是素食的起司杏鮑菇蛋堡，剛拿到的時候熱騰騰的，漢堡的口感很特別，他不像是麵包，我覺得蠻像粿的感覺，裡面的起司跟杏鮑菇味道也很讚，因為太好吃，一口接一口，很快就吃光了,0,0,0,0,0,0
卡早起晨,歐美,粉漿蛋餅外皮酥脆好吃 鐵觀音好喝👍 …,0,0,0,0,0,0
微風早午餐,台式,"老板娘親切

店休時有空會去吃 …",0,0,0,0,0,0
濰克早午餐 (嘉義民生北店),歐美,環境乾淨整潔，有許多自助美味的沾醬。,0,0,0,0,0,0
濰克早午餐 (嘉義民生北店),歐美,醬料選擇很多樣 東西也都很好吃 讚讚,0,0,0,0,0,0
濰克早午餐 (嘉義民生北店),歐美,餐點平價好吃，用餐環境也很舒適，由於是平常日前往，不知道假日是否會一位難求，旁邊巷子有停車場停車方便，空間佈置也略有巧思，是很適合和朋友聚會聊天的地點。,0,0,0,0,0,0
正宗心肝湯,台式,肉燥飯讚，糖品也很讚。,0,0,0,0,0,0
正宗心肝湯,台式,"鴨腸湯超讚，醬汁一定要小辣才好吃，肉燥飯也是一定要吃的。
心肝湯也很不錯，只是本人不太吃肝臟類的…
地瓜葉也很好吃，但自己的吃法是，夾了之後沾鴨腸的醬汁吃XD",0,0,0,0,0,0
正宗心肝湯,台式,豬心湯，豬肝湯，鴨腸湯，湯頭都是一樣的，帶有淡淡地藥膳味。筍子是滷過微甜，吃起來口感軟脆，不會太乾。,0,0,0,0,0,0
正宗心肝湯,台式,吃了十幾年了，味道依然美味,0,0,0,0,0,0
花樂食堂,日式,"唐揚雞酸甜好ㄘ  紅茶是古早味紅茶
丼飯裡面有小橘子點綴
雞肉與豬肉都有醃漬的香味",0,0,0,0,0,0
花樂食堂,日式,"日式料理店，門口看起來很漂亮的小店
但是對小朋友十分不友善，對於要來這裡的親子餐廳請好好評估
約13:40左右入內準備用餐，當日並沒有其他客人，我們選了旁邊有木頭長凳的椅子 …",0,0,0,0,0,0
花樂食堂,日式,我點明太子醬燒牛丼套餐，有附好喝的紅茶、黑松露溏心蛋、味增湯，另外加點胡麻蛋豆腐，都是我喜歡的口味，好吃的,0,0,0,0,0,0
花樂食堂,日式,"壽司非常有趣又好吃，
熔岩炸雞丼也不錯～",0,0,0,0,0,0
初食拉麵,日式,"香草食上= 初食拉麵。
改名字跟裝潢但不改老闆跟美食。
簡餐恢復供應，饕客們回流不會後悔。",0,0,0,0,0,0
初食拉麵,日式,服務親切，餐點物超所值真的好吃…大推,0,0,0,0,0,0
初食拉麵,日式,餐點好吃，位子夠，適合多人聚餐,0,0,0,0,0,0
蝦霸王泰國蝦,台式,嘉義市最好吃的泰國蝦料理，新鮮活蝦，不管什麼口味都非常好吃！重點是老闆非常親切！好店！大推👍（好吃到差點忘記拍照😂） …,0,0,0,0,0,0
蝦霸王泰國蝦,台式,很好吃，價格優惠服務好，特別香，每個口味都很好吃，推薦麻辣蝦 清淡的推薦檸檬蝦 蒜頭給很多，蝦線也去的很乾淨，環境乾淨有消毒，一桌換一次桌布內用也很安心,0,0,0,0,0,0
五叔公養生滷味,小吃,口味好吃，阿姨又可愛！,0,0,0,0,0,0
太師傅便當專���店 (嘉義吳鳳店),中式,便當好吃，雖然菜量比較少，但主食都很有特色，品質也很穩定！,0,0,0,0,0,0
迷路炸物 (嘉義文化店),小吃,蠻有特色的雞排，內有包蔥等食材，價格中上，口味好不好吃在於個人接受度。,0,0,0,0,0,0
迷路炸物 (嘉義文化店),小吃,我喜歡深海魷魚，口感酥脆，灑上胡椒就很好吃了,0,0,0,0,0,0
迷路炸物 (嘉義文化店),小吃,"雞排特色就是裡面有包餡
不過肉乾皮不酥，也沒有什麼味道",0,0,0,0,0,0
迷路炸物 (嘉義文化店),小吃,"女朋友說有這間炸物店好吃，找了很久終於找到，果真會迷路🤣
原本以為會踩雷，沒想到意外的好吃欸！
雖然價格是稍微偏高，但是吃的出來食材挺新鮮的，這令人滿放心的，雖然吃炸物本來就傷身🤣食材新鮮這點挺加分的👍 …",0,0,0,0,0,0
迷路炸物 (嘉義文化店),小吃,"起司雞排會牽絲
不過單吃雞排本身蠻普通的",0,0,0,0,0,0
迷路炸物 (嘉義文化店),小吃,老闆很親切！東西好吃,0,0,0,0,0,0
嘉義霸王沙鍋魚頭,台式,只要有北上一定必來一趟的老地方，非常好吃又不油膩，砂鍋菜.魚肉和滷豬腳每次來必吃，吃完還不忘打包回去分享給親朋好友吃，值得推薦👍👍👍👍👍 …,0,0,0,0,0,0
嘉義霸王沙鍋魚頭,台式,"我好像也沒有拿到發票欸
有確定是要開的話
如果下次再去吃 …",0,0,0,0,0,0
嘉義霸王沙鍋魚頭,台式,"來嘉義市吃砂鍋魚頭
不一定要去林聰明
如果你跟我一樣是口味較重的人 …",0,0,0,0,0,0
嘉義霸王沙鍋魚頭,台式,平日中午路過，便入店抓夭，中午12:00店內已客滿，店門口開始排隊，坐外面就沒冷氣嘍,0,0,0,0,0,0
嘉義霸王沙鍋魚頭,台式,"因為林聰明收攤了
所以來吃這家
湯頭還不錯但還是覺得林聰明比較好吃一點 …",0,0,0,0,0,0
嘉義霸王沙鍋魚頭,台式,"可能太期待所以有些落差
沙鍋魚頭還是徧好林聰明
豬腳爌的很軟很入味 好吃 …",0,0,0,0,0,0
小林湯包燒賣,港式,老闆親切，店面明亮乾淨。,0,0,0,0,0,0
米粒熱狗-韓國料理、拉絲熱狗 (嘉義文化總店),韓式,吃起來很酥脆，雖然是油炸但一點都沒有油膩感，非常好吃，而且價格也平價。老闆也很熱心，服務很好，吃完會想再去吃。,0,0,0,0,0,0
米粒熱狗-韓國料理、拉絲熱狗 (嘉義文化總店),韓式,價格實惠 出餐動作快 口感酥炸得很好 醬汁則還能再進步,0,0,0,0,0,0
烏布斯廚房,台式,"很chill的夜晚💕
第一次在天台吃晚餐，食物感覺變得更好吃🤤
吃得出主廚的用心及創意 …",0,0,0,0,0,0
烏布斯廚房,台式,在網路上意外發現的私廚餐廳 ，實際來到後被眼前的美景震撼到，真不敢想像頂樓會有那麼舒服的空間，能感受到老闆在每一處細節的用心，餐點的部分更是令人驚豔，各種意想不到的食材都像被施了魔法一般碰撞出和諧但又全然不同的滋味，貼心的老闆還兼當我們的攝影師，給了我們一個愉快的夜晚，期待下次再訪.,0,0,0,0,0,0
烏布斯廚房,台式,"2021/12/25聖誕節套餐
很用心準備的私櫥料理以及調酒
整體用餐環境以及餐點新鮮度都很棒
非常值得前往用餐",0,0,0,0,0,0
烏布斯廚房,台式,從環境到餐點，任何細節老闆都親力親為且相當用心。就連一片小蛋糕也絲毫不馬虎，相當感謝老闆讓我們擁有良好又很有溫度的用餐體驗。下次有來嘉義務必會再回訪。,0,0,0,0,0,0
烏布斯廚房,台式,非常棒的用餐體驗❤️曜主廚親切有禮，每一道菜都會細心介紹，每一道都有它的故事由來。料理不光只是味覺的傳遞，還有整個視覺上的擺盤，每一道都有主廚的創新及想法在！每一次入口都是驚喜😋這裡的環境非常好，很適合拍照.是男女朋友約會吃飯的最佳聖地👍在這裡感謝曜主廚的用心🙏下次有朋友要約會 這邊必推！！！ …,0,0,0,0,0,0
烏布斯廚房,台式,"搜尋我的IG看更多食記和有趣的事物吧ʕ•ﻌ•ʔ♡
IG:gretafafa
- …",0,0,0,0,0,0
烏布斯廚房,台式,"好吃的餐點
舒適的用餐環境
用心的製作
最可愛的HAPPY BIRTHDAY",0,0,0,0,0,0
烏布斯廚房,台式,"氣氛很好，很美～老闆人也很好很Nice 👍🏻
不太敢吃番茄都覺得老闆的番茄好好吃唷🤤
真的很好吃，每一道都是老闆用心做的🧡 …",0,0,0,0,0,0
烏布斯廚房,台式,用餐環境舒服👍餐點用心又好吃👍對待客人就像朋友一樣 非常值得造訪！ …,0,0,0,0,0,0
烏布斯廚房,台式,很喜歡ROOF的氛圍，餐點又非常獨特，美美讓我驚豔,0,0,0,0,0,0
烏布斯廚房,台式,"一瓶市價格不到$2000的紅酒，可以賣$8800，$900的白酒賣$6000，當初開瓶前詢價，他說不清楚要查？想想看也不會貴到那，想不到就是獅子大開口。

現在他改口說是包場費，當初完全沒有沒有提到包場費，現在酒錢被抓包了，又來這一套，真是不誠實的廚師。 …",0,0,0,0,0,0
烏布斯廚房,台式,"體驗還不錯

1.事前有說明是為了慶生 …",0,0,0,0,0,0
烏布斯廚房,台式,Relax好地方 幽默料理  老闆是個DIY達人～,0,0,0,0,0,0
烏布斯廚房,台式,氣氛好美食家，推薦來嘉義玩的話可留一個夜晚在這停留，因此嘉義晚上活動很少，找間好餐廳吃飯會很不錯👍 …,0,0,0,0,0,0
烏布斯廚房,台式,夜晚風景美 氣氛佳～ 服務態度很好  食材實在     廚藝精湛，讓客人可以感受到主廚的用心。,0,0,0,0,0,0
烏布斯廚房,台式,溫馨舒適的環境，處處有巧思，餐點令人驚艷且美味，真的是我在嘉義吃過最好吃且最享受的排餐，不論是和另一半的小約會，或是和家人慶祝節日的聚餐都很適合！！,0,0,0,0,0,0
共感鍋品,台式,"蛤蜊很大顆♥️
雞腿肉也很嫩也蠻大塊的👍
單點肉盤份量也算多 …",0,0,0,0,0,0
共感鍋品,台式,菜品新鮮，湯頭溫和，服務情切，用餐空間舒適，值得推薦給朋友聚餐與家庭聚餐,0,0,0,0,0,0
共感鍋品,台式,"6/12初次光顧，裝潢質感很好
服務生親切介紹又有禮貌
服務超好，真的超好 …",0,0,0,0,0,0
共感鍋品,台式,食材超棒，蛤蜊生蚵也都超新鮮，很推薦他的雙人套餐，海鮮盤竟然有整隻龍蝦，重點服務態度超級好！滿滿的五顆星~,0,0,0,0,0,0
共感鍋品,台式,"服務人員態度敬業☺️
東西新鮮好吃～～
紅茶也不馬虎，非常解膩哦！！",0,0,0,0,0,0
共感鍋品,台式,"第一次住宿跟來吃火鍋
服務人員很有耐心講解餐點
餐點內容也很多👍
一家五口吃很飽 …",0,0,0,0,0,0
共感鍋品,台式,"餐點和服務都蠻不錯的
肉新鮮！
有機會會再回訪",0,0,0,0,0,0
共感鍋品,台式,環境很棒，微隔間，可以慢慢細品鍋物！,0,0,0,0,0,0
共感鍋品,台式,蛤蠣超新鮮，肉超好吃，湯頭優,0,0,0,0,0,0
共感鍋品,台式,"和牛好吃。
服務人員態度很好。
氣氛佳。",0,0,0,0,0,0
共感鍋品,台式,料豐味美，環境氣氛佳👍 …,0,0,0,0,0,0
焦家好味道,台式,"小籠包皮是偏厚的，內餡好吃😋配上酌料加生薑很美味
酸辣湯不酸，重酸者有提供醋在桌上
因為湯裡面也是有些微辣椒，所以感覺很像麻婆豆腐版的酸辣湯😅 …",0,0,0,0,0,0
焦家好味道,台式,小籠包是傳統那種不會噴汁的肉包，還不錯吃；紅油抄手是要自己加辣的，如果點了餛飩湯建議就不要再點抄手，自己加辣就可二吃了…,0,0,0,0,0,0
焦家好味道,台式,不知道是餛飩湯麵，還是醬油湯麵，滿滿的醬油味,0,0,0,0,0,0
焦家好味道,台式,小籠包味道很好吃，抄手大顆，餡料飽滿，整體非常好吃，會再專程來吃,0,0,0,0,0,0
嘉義泰國蝦活魚活蝦熱炒,台式,蝦子當日賣完就沒了 Cp值高 建議要打電話確定剩下數量，缺點蚊子比較多些，謝謝舊褲群主的招待,0,0,0,0,0,0
Frozen Heart 凍心炸冰淇淋 (嘉義文化路店),甜點,"好吃
餅皮像雙胞胎
冰淇淋味道也不錯
沒想到可以這麽搭",0,0,0,0,0,0
遇見貓掌燒雞蛋糕(嘉義文化店),甜點,"口感很棒，口味多變
乳酪丁口味非常特別，是固態的起司🧀️，即使在器具上加熱也不會因此融化而影響口感，能吃到一粒粒的乳酪丁，加的料也不會手軟。
OREO口味外酥內軟，蛋糕本身的香氣包裹著內餡，甜甜的很適合當飯後的小點心！ …",0,0,0,0,0,0
遇見貓掌燒雞蛋糕(嘉義文化店),甜點,之前吃過回桃園後就念念不忘。,0,0,0,0,0,0
遇見貓掌燒雞蛋糕(嘉義文化店),甜點,料超少 oreo口味的雞蛋糕我還以為在吃原味==,0,0,0,0,0,0
遇見貓掌燒雞蛋糕(嘉義文化店),甜點,很可愛看起來很好吃！！,0,0,0,0,0,0
遇見貓掌燒雞蛋糕(嘉義文化店),甜點,牽絲起司超好吃的😋😋😋 …,0,0,0,0,0,0
阿美炸雞 (嘉義總店),小吃,"物美價廉又好吃 算帳小姐姐又很美
這間必推必吃 請大家用新台幣砸店吧",0,0,0,0,0,0
阿美炸雞 (嘉義總店),小吃,"老闆娘太熱情
換了個好地點",0,0,0,0,0,0
阿美炸雞 (嘉義總店),小吃,"原本在路邊的攤子，現在變成店面了～
但是到底是阿芙鹽酥雞還是阿美😂
下班一定會經過的路線所以常常光顧👍🏻 …",0,0,0,0,0,0
嘉義豆奶攤 (嘉義文化總店),台式,"混漿中杯$35 薏仁漿中杯$35
不便宜
混漿喝得到顆粒 …",0,0,0,0,0,0
嘉義豆奶攤 (嘉義文化總店),台式,適合外帶，蛋餅皮Q，不用醬料就很好吃。,0,0,0,0,0,0
嘉義豆奶攤 (嘉義文化總店),台式,豆漿和豆漿紅茶還可以 還會推+10元升大杯 但櫃台妹妹好像有問題 點3杯飲料給3杯的錢 單據只點到1杯還少找錢(想了很久才找錢 卻記得找了多少錢) 老闆娘來才處理好 不會簡單數學就不要站櫃台,0,0,0,0,0,0
六之壹複合式餐飲店,台式,"菜色美味老闆老闆娘招待滿分
肯定要好好推薦
麻辣臭豆腐。招牌油雞飯
心肝寶貝",0,0,0,0,0,0
食儻生活料理坊,歐美,珍珠pizza很好吃，青醬蛤蜊義大利麵口味也不錯，只是水太多了，變成在吃湯麵了😂 …,0,0,0,0,0,0
食儻生活料理坊,歐美,"便宜又好吃的溫馨小店。
而且對素食者很友善🥰🥰🥰 …",0,0,0,0,0,0
食儻生活料理坊,歐美,"冷麵很Q也不錯吃
番茄湯麵的口味偏重",0,0,0,0,0,0
食儻生活料理坊,歐美,點的每一道都蠻好吃的,0,0,0,0,0,0
食儻生活料理坊,歐美,環境乾淨舒適，服務態度也不錯，服務很親切，適合帶家人小孩一起來吃!,0,0,0,0,0,0
食儻生活料理坊,歐美,"珍珠披薩好吃
番茄鍋也好吃菜盤豐富
加點的肉也非常嫩 …",0,0,0,0,0,0
食儻生活料理坊,歐美,"焦糖蘋果披薩 焦糖不知在哪裡、單吃起司跟微酸的蘋果非常膩口
唯一特點僅是珍珠煮得不錯",0,0,0,0,0,0
食儻生活料理坊,歐美,"午餐和晚餐都有營業
下午14:00休息
菜色多元好吃 …",0,0,0,0,0,0
食儻生活料理坊,歐美,珍珠披薩好吃，但義大利麵的白醬稍嫌無味。,0,0,0,0,0,0
食儻生活料理坊,歐美,有賣火鍋，好吃的凍飯，適合親子，男女朋友聚餐,0,0,0,0,0,0
食儻生活料理坊,歐美,今天時間超趕的，中午14:00店家準時休息😅 …,0,0,0,0,0,0
食儻生活料理坊,歐美,珍珠披薩🍕好吃👍讚 …,0,0,0,0,0,0
食儻生活料理坊,歐美,不錯吃， 廁所很乾淨,0,0,0,0,0,0
文化路香腸炒大腸/炸雞排,小吃,點檸檬口味，很清新的味道，雖然粉有點厚但放冷了之後吃味道還可以，整體一般般。,0,0,0,0,0,0
文化路香腸炒大腸/炸雞排,小吃,粉很厚、肉很薄、皮很油，明明是專賣雞排的，隨便一家便當店的雞排也比它好吃，除了面積沒什麼優點。,0,0,0,0,0,0
文化路香腸炒大腸/炸雞排,小吃,"肉只有三分之一
有夠差勁👎 …",0,0,0,0,0,0
孫記燒餅油條,小吃,乾淨舒適用早餐適合環境，中式傳統豆漿、油條燒餅早餐店，附賣酸豆、生水餃,0,0,0,0,0,0
給點麵子 (光彩店),台式,店面不大，但環境蠻舒適的，點了一分切仔麵，還不錯吃、上菜速度快，但價位好像有一點點小貴～,0,0,0,0,0,0
給點麵子 (光彩店),台式,"好吃
非常推薦老虎麵
第一次吃很驚艷
納入口袋名單中👍🏻 …",0,0,0,0,0,0
給點麵子 (光彩店),台式,味道不錯，店面乾淨，就是小貴，值得一吃,0,0,0,0,0,0
